_genre,type,release_year,age_certification,total_media,imdb_vote
drama,MOVIE,2012,R,10,3638678
drama,MOVIE,2017,R,28,2298451
drama,SHOW,2017,TV-MA,43,2295379
action,MOVIE,2010,PG-13,4,2291765
thriller,MOVIE,2010,PG-13,2,2285782
music,MOVIE,2010,PG-13,1,2268288
scifi,MOVIE,2010,PG-13,1,2268288
drama,MOVIE,2019,R,31,2177689
drama,SHOW,2019,TV-MA,91,2150643
thriller,SHOW,2017,TV-MA,23,2086635
thriller,MOVIE,2019,R,29,2041309
drama,MOVIE,2015,R,19,2000066
comedy,MOVIE,1994,PG-13,1,1994599
drama,MOVIE,1994,PG-13,1,1994599
romance,MOVIE,1994,PG-13,1,1994599
drama,MOVIE,2013,R,13,1894588
thriller,MOVIE,2015,R,16,1873805
thriller,MOVIE,2017,R,23,1868162
crime,SHOW,2017,TV-MA,28,1860791
crime,MOVIE,2019,R,19,1831596
drama,SHOW,2016,TV-14,37,1795764
drama,MOVIE,2018,R,47,1781909
drama,SHOW,2008,TV-MA,4,1749989
thriller,SHOW,2008,TV-MA,4,1749989
crime,SHOW,2008,TV-MA,3,1730305
action,MOVIE,2011,PG-13,8,1727007
drama,SHOW,2013,TV-MA,10,1710739
scifi,SHOW,2016,TV-14,12,1656137
drama,MOVIE,2016,R,22,1630370
drama,SHOW,2020,TV-MA,76,1604652
fantasy,SHOW,2016,TV-14,11,1554059
drama,MOVIE,2011,PG-13,11,1533959
drama,SHOW,2018,TV-MA,75,1504210
thriller,MOVIE,2011,PG-13,12,1486578
drama,MOVIE,1998,R,3,1486213
drama,MOVIE,2021,R,39,1484305
western,MOVIE,2012,R,1,1472668
drama,SHOW,2021,TV-MA,87,1472497
thriller,MOVIE,2012,R,6,1453618
drama,MOVIE,2014,PG-13,14,1434922
drama,SHOW,2015,TV-MA,23,1421577
romance,MOVIE,2011,PG-13,6,1379131
comedy,MOVIE,2019,R,19,1370774
war,MOVIE,1998,R,1,1346020
drama,MOVIE,2010,PG-13,7,1335496
drama,MOVIE,2003,R,5,1334006
drama,MOVIE,2020,R,32,1326197
thriller,MOVIE,2016,R,20,1316833
comedy,MOVIE,2011,PG-13,8,1298840
thriller,MOVIE,2018,R,38,1289431
thriller,MOVIE,2020,R,27,1258014
action,MOVIE,2003,R,5,1222596
crime,MOVIE,2017,R,17,1220473
drama,MOVIE,2017,PG-13,22,1219553
crime,MOVIE,2015,R,8,1195197
thriller,MOVIE,2013,R,10,1154619
drama,MOVIE,2007,R,5,1138752
action,MOVIE,2019,R,14,1138342
drama,SHOW,2014,TV-14,17,1138091
thriller,SHOW,2018,TV-MA,40,1131513
action,MOVIE,2017,R,14,1120061
thriller,MOVIE,2014,PG-13,8,1102144
thriller,SHOW,2016,TV-14,9,1099029
thriller,MOVIE,2003,R,5,1065164
scifi,SHOW,2019,TV-MA,25,1047455
drama,MOVIE,2010,R,7,1030208
family,MOVIE,2010,PG,5,1020106
animation,MOVIE,2010,PG,4,1016966
horror,SHOW,2016,TV-14,3,1010998
action,MOVIE,2009,PG-13,5,1003855
fantasy,MOVIE,2010,PG,3,1002694
thriller,MOVIE,2009,PG-13,4,995090
drama,SHOW,2010,TV-MA,3,968738
comedy,MOVIE,2010,PG,7,963293
drama,MOVIE,2017,,122,956176
action,SHOW,2014,TV-14,11,950712
comedy,SHOW,2019,TV-MA,41,946799
action,SHOW,2010,TV-MA,2,945353
horror,SHOW,2010,TV-MA,2,945353
thriller,SHOW,2010,TV-MA,2,945353
scifi,SHOW,2010,TV-MA,1,945125
thriller,SHOW,2021,TV-MA,45,935454
comedy,MOVIE,2012,R,6,914738
drama,SHOW,2005,TV-14,4,911576
scifi,MOVIE,2017,R,6,908182
history,MOVIE,2017,PG-13,6,902277
scifi,SHOW,2014,TV-14,8,897110
crime,SHOW,2018,TV-MA,42,889091
horror,SHOW,2019,TV-MA,15,885582
drama,MOVIE,2010,PG,9,879255
thriller,MOVIE,2008,PG-13,4,873555
action,SHOW,2019,TV-MA,27,873371
thriller,MOVIE,2017,PG-13,5,868303
scifi,MOVIE,2021,R,11,864081
action,SHOW,2021,TV-MA,29,863490
romance,MOVIE,2013,R,6,860789
war,MOVIE,2017,PG-13,3,855661
crime,MOVIE,2012,R,5,853226
thriller,MOVIE,2014,R,7,834102
action,MOVIE,2013,R,4,833971
drama,SHOW,2011,TV-MA,6,833809
drama,MOVIE,2009,PG-13,7,833090
thriller,MOVIE,1997,R,5,830481
fantasy,SHOW,2019,TV-MA,15,826899
crime,SHOW,2015,TV-MA,4,815825
drama,MOVIE,2008,R,5,807013
crime,SHOW,2013,TV-MA,3,802844
action,MOVIE,2010,PG,2,802340
crime,MOVIE,2021,R,24,798292
crime,MOVIE,2016,R,14,797304
crime,MOVIE,1976,R,1,795222
drama,MOVIE,1976,R,1,795222
thriller,MOVIE,2021,R,29,793897
action,MOVIE,2017,PG-13,8,793534
drama,MOVIE,2021,,142,784154
crime,MOVIE,2014,R,4,774325
fantasy,MOVIE,2011,PG-13,4,771156
drama,MOVIE,2019,,177,770261
action,MOVIE,2021,R,22,765676
thriller,SHOW,2015,TV-MA,10,761260
thriller,MOVIE,2006,R,4,758978
crime,MOVIE,2020,R,13,757485
action,MOVIE,2008,R,4,752829
war,MOVIE,2014,PG-13,1,748654
family,MOVIE,2005,PG,3,744052
fantasy,MOVIE,2005,PG,3,744052
drama,MOVIE,2016,PG-13,23,739348
drama,MOVIE,2020,,131,733822
comedy,SHOW,2015,TV-MA,17,732341
scifi,MOVIE,2018,R,11,728413
thriller,MOVIE,2007,PG-13,3,724684
drama,MOVIE,1987,R,1,723306
war,MOVIE,1987,R,1,723306
action,MOVIE,2012,R,5,722194
horror,MOVIE,2013,R,5,721154
drama,MOVIE,2014,R,5,714626
comedy,MOVIE,2014,PG,10,704949
comedy,MOVIE,2021,R,13,701940
romance,MOVIE,2012,R,1,697481
thriller,MOVIE,2011,R,3,695305
action,MOVIE,2016,R,16,691264
action,MOVIE,2020,R,19,689361
drama,MOVIE,2018,,137,685820
drama,SHOW,2016,TV-MA,36,678359
action,MOVIE,2007,PG-13,6,673469
action,MOVIE,2008,PG-13,7,666517
thriller,MOVIE,2006,,4,656017
european,MOVIE,2017,PG-13,4,647554
european,MOVIE,2013,R,4,646840
european,MOVIE,2006,,2,644545
action,MOVIE,2006,,1,644336
thriller,MOVIE,2019,,59,639408
thriller,SHOW,2019,TV-MA,37,639365
crime,MOVIE,2009,PG-13,2,637290
comedy,MOVIE,2017,R,9,632248
drama,MOVIE,2011,R,3,631231
thriller,MOVIE,2010,R,5,630026
animation,MOVIE,2014,PG,5,624450
family,MOVIE,2014,PG,5,624450
thriller,MOVIE,2017,,46,623855
crime,SHOW,2019,TV-MA,42,620816
thriller,SHOW,2005,TV-14,2,617830
thriller,SHOW,2020,TV-MA,39,599829
crime,SHOW,2021,TV-MA,57,594523
action,SHOW,2017,TV-MA,12,590452
comedy,MOVIE,2017,,134,589096
scifi,MOVIE,2013,R,1,586679
scifi,SHOW,2018,TV-MA,24,584470
comedy,SHOW,2017,TV-MA,29,580475
drama,MOVIE,2006,R,3,577001
drama,SHOW,2015,TV-14,21,574817
drama,MOVIE,2003,PG-13,3,571282
romance,MOVIE,2003,PG-13,3,571282
western,MOVIE,2015,R,1,570138
thriller,MOVIE,2007,R,5,568425
history,MOVIE,2019,R,4,567671
scifi,MOVIE,2012,R,1,566791
thriller,MOVIE,2021,,59,565350
drama,MOVIE,2020,PG-13,17,560101
european,SHOW,2017,TV-MA,12,556346
sport,SHOW,2020,TV-MA,9,554139
action,MOVIE,2012,PG-13,5,553097
thriller,SHOW,2011,TV-MA,4,553010
war,MOVIE,2003,R,2,550163
european,MOVIE,2003,R,2,543216
thriller,MOVIE,2008,R,5,542181
horror,MOVIE,2015,R,6,539469
drama,MOVIE,2018,PG-13,20,538746
european,SHOW,2011,TV-MA,2,537997
drama,SHOW,2018,TV-14,30,535035
drama,MOVIE,2019,PG-13,22,532450
comedy,MOVIE,1975,PG,1,530877
fantasy,MOVIE,1975,PG,1,530877
scifi,SHOW,2011,TV-MA,2,528145
comedy,MOVIE,2018,R,24,524048
romance,MOVIE,2019,R,7,517926
european,SHOW,2013,TV-MA,2,517482
fantasy,MOVIE,2014,PG,3,507447
drama,MOVIE,1997,PG-13,3,507237
comedy,MOVIE,2011,PG,8,505631
action,MOVIE,2010,R,3,503884
horror,MOVIE,2016,R,5,502278
scifi,MOVIE,2012,PG-13,2,498059
thriller,MOVIE,2012,PG-13,2,498059
romance,MOVIE,2007,PG-13,5,493763
comedy,MOVIE,2018,,124,493051
comedy,MOVIE,2010,R,4,487313
comedy,MOVIE,2016,R,8,483175
action,MOVIE,2005,PG-13,3,481769
thriller,MOVIE,2002,R,2,477673
scifi,MOVIE,2005,PG-13,2,477472
thriller,MOVIE,2005,PG-13,2,477472
comedy,MOVIE,2020,,122,477339
action,MOVIE,1998,PG-13,3,476291
thriller,MOVIE,1998,PG-13,3,476291
comedy,MOVIE,2003,R,1,474176
romance,MOVIE,2003,R,1,474176
drama,MOVIE,2005,PG-13,6,472669
comedy,MOVIE,2005,PG,2,472308
drama,SHOW,2012,TV-14,6,471879
horror,MOVIE,2018,R,8,470612
sport,MOVIE,2011,PG-13,2,470327
scifi,SHOW,2017,TV-MA,8,469974
crime,MOVIE,2011,PG-13,4,469494
thriller,MOVIE,1997,PG-13,3,469388
sport,MOVIE,2013,R,1,465254
horror,MOVIE,2017,R,10,465178
crime,SHOW,2012,TV-14,3,465001
action,SHOW,2012,TV-14,3,463977
comedy,MOVIE,2009,PG-13,4,459178
comedy,MOVIE,2007,PG-13,6,456661
crime,MOVIE,2011,R,1,454917
crime,MOVIE,2003,R,3,450408
drama,SHOW,2021,TV-14,24,449588
fantasy,MOVIE,2006,PG,3,445597
drama,SHOW,2006,TV-14,6,443183
european,MOVIE,2019,,39,442096
action,MOVIE,2009,R,4,439863
drama,MOVIE,2008,PG-13,10,438879
fantasy,MOVIE,2003,PG-13,2,437709
drama,MOVIE,2015,PG-13,17,436835
european,MOVIE,2018,R,17,436322
european,MOVIE,2010,R,2,432746
thriller,MOVIE,2018,,56,432075
scifi,SHOW,2012,TV-14,2,429615
history,MOVIE,2003,R,1,429097
fantasy,SHOW,2005,TV-14,1,428639
horror,SHOW,2005,TV-14,1,428639
scifi,SHOW,2005,TV-14,1,428639
drama,SHOW,2013,TV-14,7,426435
comedy,MOVIE,2020,R,18,423458
comedy,MOVIE,2014,PG-13,8,423083
crime,MOVIE,2018,R,16,422297
comedy,MOVIE,2019,PG-13,16,422078
drama,MOVIE,2007,PG-13,7,420114
action,MOVIE,2015,R,7,417625
drama,MOVIE,1997,,3,416185
comedy,MOVIE,2021,PG-13,12,414936
crime,SHOW,2020,TV-MA,35,413550
horror,MOVIE,2021,,25,412701
drama,MOVIE,2009,R,5,410549
drama,SHOW,2017,TV-14,28,407539
romance,MOVIE,2019,PG-13,14,406304
drama,MOVIE,2021,PG-13,19,403333
action,SHOW,2018,TV-MA,24,401756
thriller,SHOW,2014,TV-14,4,401374
action,MOVIE,2000,R,2,400330
thriller,MOVIE,2020,,53,399787
crime,SHOW,2014,TV-14,4,398943
action,MOVIE,2018,R,14,398594
comedy,MOVIE,2021,,113,397656
comedy,MOVIE,1979,R,2,397560
action,MOVIE,2014,PG,2,396355
family,MOVIE,2011,PG,7,395220
scifi,MOVIE,2003,R,1,393998
drama,MOVIE,1986,R,1,392790
horror,MOVIE,1973,R,1,391942
action,MOVIE,2021,,36,391329
history,MOVIE,2008,PG-13,3,390921
fantasy,MOVIE,2014,PG-13,4,389330
action,MOVIE,1997,R,3,387712
comedy,MOVIE,2005,PG-13,6,386843
romance,MOVIE,2005,PG-13,5,385395
comedy,MOVIE,2016,PG-13,10,384392
drama,MOVIE,2007,PG,6,383862
action,MOVIE,2015,PG-13,8,383839
romance,MOVIE,2020,,50,382989
scifi,MOVIE,2019,,15,379456
romance,MOVIE,2015,R,6,378894
fantasy,SHOW,2013,TV-MA,3,378343
scifi,SHOW,2013,TV-MA,3,378343
scifi,MOVIE,2014,PG-13,3,376862
european,MOVIE,2015,R,3,376619
scifi,SHOW,2021,TV-MA,22,374853
animation,SHOW,2006,TV-14,3,374277
drama,SHOW,2014,TV-MA,5,373598
drama,MOVIE,2012,PG-13,4,371478
european,MOVIE,2009,R,2,370441
scifi,SHOW,2020,TV-MA,16,366997
fantasy,MOVIE,2009,PG-13,3,366565
scifi,MOVIE,1997,PG-13,2,365929
horror,SHOW,2013,TV-MA,2,364971
crime,MOVIE,1997,R,2,364698
drama,MOVIE,1997,R,2,364698
scifi,SHOW,2006,TV-14,2,364514
thriller,SHOW,2006,TV-14,2,364514
drama,MOVIE,1999,R,4,363680
documentation,MOVIE,2002,R,3,362465
horror,MOVIE,1997,,1,361422
thriller,MOVIE,1997,,1,361422
european,MOVIE,2017,R,8,358062
scifi,MOVIE,2009,PG-13,1,357557
war,MOVIE,2009,PG-13,1,357557
thriller,MOVIE,2021,PG-13,7,356603
comedy,SHOW,2018,TV-14,20,352707
fantasy,MOVIE,2007,PG-13,3,351178
history,MOVIE,2012,PG-13,2,350925
war,MOVIE,2012,PG-13,2,350925
romance,MOVIE,2006,PG,3,350452
action,MOVIE,2016,PG,4,349303
romance,MOVIE,2014,PG-13,7,349263
action,MOVIE,1995,R,3,346924
thriller,MOVIE,1995,R,3,346924
romance,MOVIE,2021,R,11,346859
comedy,MOVIE,2018,PG-13,23,346804
action,MOVIE,2021,PG-13,8,346411
romance,MOVIE,2012,PG-13,3,345685
drama,MOVIE,2013,PG-13,12,344967
crime,MOVIE,2021,,45,344922
comedy,SHOW,2011,TV-14,8,343232
crime,MOVIE,2009,R,4,343148
romance,SHOW,2020,TV-MA,16,343117
crime,MOVIE,1984,R,1,342335
drama,MOVIE,1984,R,1,342335
european,MOVIE,1984,R,1,342335
european,MOVIE,2002,PG-13,1,341888
horror,MOVIE,2002,PG-13,1,341888
comedy,SHOW,2013,TV-MA,3,340939
horror,MOVIE,1998,R,2,340450
action,SHOW,2013,TV-MA,3,340434
animation,SHOW,2013,TV-MA,2,338753
romance,MOVIE,2018,PG-13,11,338528
fantasy,MOVIE,2011,PG,5,337897
fantasy,MOVIE,2018,R,6,337790
animation,MOVIE,2011,PG,4,337490
scifi,MOVIE,2015,R,2,337104
comedy,SHOW,2021,TV-MA,32,335854
drama,MOVIE,2016,PG,4,333565
western,MOVIE,2010,PG-13,1,333378
horror,MOVIE,2019,,18,332590
drama,SHOW,2019,TV-14,25,332111
comedy,MOVIE,2020,PG-13,12,330757
action,MOVIE,1986,PG,1,329656
drama,MOVIE,1986,PG,1,329656
action,MOVIE,2007,R,1,329417
european,MOVIE,2005,PG-13,3,328962
scifi,SHOW,2021,TV-14,8,327977
romance,MOVIE,2018,R,11,327751
comedy,MOVIE,2019,,141,327544
comedy,MOVIE,2006,PG,3,325351
family,MOVIE,2006,PG,3,325351
comedy,SHOW,2015,TV-14,9,324897
romance,SHOW,2009,TV-14,4,324781
thriller,MOVIE,2009,R,6,324476
sport,MOVIE,2009,PG-13,1,323939
drama,SHOW,2009,TV-14,5,323120
scifi,MOVIE,1997,R,2,323087
fantasy,SHOW,2021,TV-14,6,321263
documentation,SHOW,2020,TV-MA,31,321023
action,MOVIE,2014,PG-13,6,318112
scifi,SHOW,2015,TV-14,7,315300
horror,MOVIE,2017,,13,314970
crime,SHOW,2016,TV-14,3,314202
horror,MOVIE,2013,PG-13,3,313502
thriller,SHOW,2009,TV-14,2,312727
crime,MOVIE,2017,,31,311674
fantasy,SHOW,2009,TV-14,1,310776
horror,SHOW,2009,TV-14,1,310776
scifi,SHOW,2009,TV-14,1,310776
action,SHOW,2021,TV-14,7,309416
comedy,SHOW,2020,TV-MA,30,309100
documentation,MOVIE,2017,,65,308914
comedy,MOVIE,2012,PG-13,4,306836
action,MOVIE,2002,R,2,306766
action,SHOW,2020,TV-MA,16,306203
fantasy,MOVIE,2017,R,3,306085
comedy,SHOW,1989,TV-PG,2,305566
action,SHOW,2005,TV-Y7,2,305508
animation,SHOW,2005,TV-Y7,2,305508
family,SHOW,2005,TV-Y7,2,305508
scifi,SHOW,2005,TV-Y7,2,305508
fantasy,SHOW,2021,TV-MA,17,304690
comedy,MOVIE,2010,PG-13,3,302473
crime,SHOW,2006,TV-14,1,302147
fantasy,SHOW,2006,TV-14,1,302147
thriller,MOVIE,2016,PG-13,12,302064
horror,MOVIE,2018,,28,301505
scifi,MOVIE,2011,PG-13,1,300074
animation,MOVIE,2006,PG,2,297554
comedy,SHOW,2003,TV-MA,1,297552
history,MOVIE,2009,R,1,297525
fantasy,SHOW,2005,TV-Y7,1,297336
drama,MOVIE,2000,R,2,295663
action,MOVIE,2016,PG-13,8,295449
romance,SHOW,2005,TV-14,2,293746
scifi,SHOW,2018,TV-14,13,292700
crime,MOVIE,2001,R,2,291460
drama,MOVIE,2001,R,2,291460
thriller,MOVIE,1993,R,3,287517
thriller,MOVIE,2019,PG-13,8,287077
animation,SHOW,2019,TV-MA,12,286276
comedy,MOVIE,2010,,9,285993
horror,MOVIE,2021,R,9,285305
drama,MOVIE,2016,,63,284523
drama,MOVIE,2005,PG,3,284370
comedy,SHOW,2006,TV-14,4,283103
horror,SHOW,2018,TV-MA,13,283076
romance,SHOW,2018,TV-MA,14,281250
european,MOVIE,2011,PG-13,2,280900
comedy,MOVIE,2008,R,1,280121
romance,MOVIE,2008,R,1,280121
romance,MOVIE,2018,,49,279606
fantasy,SHOW,2020,TV-MA,13,277014
western,MOVIE,1995,R,2,275862
romance,MOVIE,2017,,45,275181
crime,MOVIE,2012,PG-13,2,274294
romance,SHOW,2017,TV-MA,10,273073
family,MOVIE,2007,PG-13,2,273059
crime,SHOW,2015,TV-14,8,272969
comedy,SHOW,2019,TV-14,15,272473
romance,MOVIE,2005,PG,2,271336
crime,MOVIE,2019,,32,270238
history,MOVIE,2000,R,1,270231
war,MOVIE,2000,R,1,270231
drama,SHOW,2022,TV-MA,32,270026
fantasy,MOVIE,2012,PG-13,2,270000
comedy,MOVIE,2006,PG-13,5,268482
action,MOVIE,1998,R,1,267181
scifi,MOVIE,1998,R,1,267181
thriller,MOVIE,2013,PG-13,3,267007
european,MOVIE,2007,PG-13,2,266274
action,MOVIE,2017,,30,266107
action,MOVIE,2010,,3,265639
crime,MOVIE,2010,,3,265639
animation,MOVIE,2005,PG,1,265023
comedy,MOVIE,2004,PG-13,5,263412
crime,MOVIE,2002,R,1,263212
drama,MOVIE,2002,R,1,263212
horror,MOVIE,2012,PG-13,1,262998
comedy,MOVIE,2001,PG-13,1,260975
european,MOVIE,2001,PG-13,1,260975
fantasy,MOVIE,2020,R,5,258967
horror,MOVIE,2003,R,2,258727
crime,MOVIE,2021,PG-13,3,258568
crime,MOVIE,2008,PG-13,4,258531
comedy,MOVIE,2009,PG,6,257995
comedy,MOVIE,2007,PG,5,257087
action,SHOW,2018,TV-14,13,256878
european,SHOW,2016,TV-MA,6,256131
history,SHOW,2019,TV-MA,11,255261
romance,SHOW,2011,TV-14,5,254269
romance,MOVIE,2010,PG,5,253030
comedy,SHOW,2009,TV-PG,1,252564
family,MOVIE,2007,PG,2,252296
action,MOVIE,2014,R,3,250639
crime,SHOW,2017,TV-14,10,250596
comedy,MOVIE,2013,R,4,250595
drama,SHOW,2020,TV-14,26,250093
action,MOVIE,2020,,44,248756
european,MOVIE,2010,PG-13,1,247229
documentation,MOVIE,2012,PG-13,1,246008
action,SHOW,2015,TV-MA,6,245442
romance,MOVIE,2009,PG,4,245436
comedy,MOVIE,2011,R,3,244770
drama,MOVIE,2009,PG,5,243615
western,MOVIE,2016,R,2,243352
crime,MOVIE,2020,,35,243202
scifi,SHOW,2019,TV-14,10,241631
western,MOVIE,2017,R,2,241616
scifi,SHOW,2015,TV-MA,4,240468
comedy,MOVIE,1996,PG-13,3,239891
action,SHOW,2019,TV-14,11,239865
crime,MOVIE,2007,R,4,239008
comedy,SHOW,2018,TV-MA,30,238752
crime,SHOW,2013,TV-14,1,238138
thriller,SHOW,2013,TV-14,1,238138
drama,MOVIE,2022,,35,237487
fantasy,SHOW,2019,TV-14,14,236593
romance,MOVIE,2021,,63,236481
european,MOVIE,2008,R,2,236384
war,MOVIE,2008,R,2,236384
drama,MOVIE,2004,R,2,236289
romance,MOVIE,2016,PG-13,6,235210
comedy,SHOW,2016,TV-14,13,233341
fantasy,SHOW,2018,TV-14,12,232006
comedy,SHOW,2011,TV-MA,2,230920
horror,MOVIE,1984,R,1,230543
action,MOVIE,1993,R,2,230118
family,MOVIE,2021,PG,13,229152
documentation,MOVIE,2019,,63,228814
fantasy,MOVIE,2017,,19,227449
drama,MOVIE,2006,PG-13,4,227439
animation,MOVIE,2009,PG,1,226225
family,MOVIE,2009,PG,1,226225
fantasy,MOVIE,2009,PG,1,226225
scifi,MOVIE,2009,PG,1,226225
action,MOVIE,2020,PG-13,6,226028
european,MOVIE,2018,,57,224436
action,MOVIE,2018,,29,223459
crime,MOVIE,2013,R,4,222819
thriller,SHOW,2017,TV-14,8,221897
fantasy,MOVIE,2008,R,1,221095
history,MOVIE,2008,R,1,221095
horror,MOVIE,2020,R,7,220490
history,MOVIE,2020,R,4,219430
horror,MOVIE,2010,R,2,219400
sport,MOVIE,1996,PG-13,1,217534
comedy,MOVIE,1998,PG,2,216815
fantasy,MOVIE,2021,,23,216488
western,MOVIE,2021,R,2,216036
horror,MOVIE,2011,PG-13,4,216036
romance,MOVIE,2004,R,1,215678
european,MOVIE,2017,,45,215075
fantasy,MOVIE,2002,R,1,214461
horror,MOVIE,2002,R,1,214461
scifi,MOVIE,2002,R,1,214461
romance,MOVIE,1998,PG-13,3,213890
history,SHOW,2016,TV-MA,4,213703
crime,MOVIE,2020,PG-13,4,213691
horror,MOVIE,2019,PG-13,5,213615
thriller,MOVIE,1998,R,3,213462
romance,MOVIE,2019,,56,212928
drama,SHOW,2010,TV-14,5,212915
comedy,MOVIE,1989,R,1,212913
drama,MOVIE,1989,R,1,212913
romance,MOVIE,1989,R,1,212913
comedy,MOVIE,2015,R,11,212427
scifi,MOVIE,2019,PG-13,7,212361
horror,MOVIE,2006,R,2,212163
action,SHOW,2015,TV-14,5,211357
fantasy,MOVIE,2016,PG-13,7,210444
horror,MOVIE,2009,R,2,210104
drama,MOVIE,1998,PG,1,209258
romance,MOVIE,1998,PG,1,209258
comedy,MOVIE,2021,PG,11,208977
war,MOVIE,2016,R,1,208185
thriller,MOVIE,2018,PG-13,5,206892
comedy,MOVIE,2019,PG,10,206078
comedy,SHOW,2003,TV-14,4,205740
history,MOVIE,2006,PG-13,2,201221
action,MOVIE,2005,R,2,199289
crime,MOVIE,2005,R,2,199289
drama,MOVIE,2005,R,2,199289
thriller,MOVIE,2005,R,2,199289
drama,MOVIE,2011,PG,7,197835
european,SHOW,2010,TV-14,1,197744
romance,SHOW,2010,TV-14,1,197744
horror,MOVIE,2020,,21,197422
scifi,SHOW,2016,TV-MA,6,197282
family,MOVIE,2017,PG-13,3,196504
action,MOVIE,2019,,36,196410
animation,SHOW,2021,TV-14,7,196331
action,MOVIE,2004,R,2,195821
romance,MOVIE,2011,R,2,194339
action,MOVIE,2018,PG-13,9,194091
comedy,MOVIE,2004,PG,4,193934
romance,SHOW,2016,TV-14,11,193675
family,MOVIE,2016,PG-13,5,193469
drama,MOVIE,2022,PG-13,7,193112
comedy,MOVIE,2004,R,1,193053
romance,MOVIE,2007,PG,4,193025
scifi,MOVIE,1998,PG-13,1,191722
sport,SHOW,2006,TV-14,3,190380
crime,SHOW,2005,TV-14,1,189191
crime,MOVIE,2022,,12,188346
thriller,SHOW,2015,TV-14,6,187904
action,SHOW,2016,TV-14,6,187791
family,MOVIE,2016,PG,9,187559
crime,MOVIE,2010,R,2,186865
comedy,MOVIE,2016,PG,7,186433
comedy,MOVIE,1998,PG-13,2,185481
european,MOVIE,2008,PG-13,1,185430
european,SHOW,2015,TV-MA,7,185054
horror,SHOW,2020,TV-MA,12,183777
fantasy,MOVIE,2011,R,2,183746
crime,MOVIE,1995,R,1,183638
european,MOVIE,1995,R,1,183638
music,MOVIE,2006,PG,1,182612
western,MOVIE,1998,PG-13,1,181306
european,MOVIE,1999,R,1,180532
fantasy,SHOW,2013,TV-14,3,180477
history,SHOW,2020,TV-MA,5,180273
sport,MOVIE,2016,PG,1,180247
sport,MOVIE,2017,R,2,179293
war,SHOW,2015,TV-MA,6,178761
sport,SHOW,2018,TV-14,3,175738
animation,MOVIE,2013,PG,4,175660
family,MOVIE,2013,PG,4,175660
fantasy,MOVIE,2004,R,1,175210
horror,MOVIE,2004,R,1,175210
scifi,MOVIE,2004,R,1,175210
thriller,MOVIE,2004,R,1,175210
animation,MOVIE,2016,PG,4,174627
thriller,MOVIE,2020,PG-13,4,174361
comedy,MOVIE,2016,,62,174011
comedy,MOVIE,2013,PG-13,8,173980
family,MOVIE,2019,PG,7,173587
horror,SHOW,2021,TV-MA,7,173201
thriller,SHOW,2022,TV-MA,17,172266
music,MOVIE,2013,R,2,171482
romance,MOVIE,2008,PG-13,4,171294
action,MOVIE,1997,PG-13,2,171220
horror,MOVIE,1997,PG-13,2,171220
comedy,MOVIE,2013,PG,4,171144
comedy,MOVIE,2015,PG-13,12,170291
family,MOVIE,1993,PG,3,169151
animation,MOVIE,2021,PG,7,169117
drama,MOVIE,2006,PG,2,167840
comedy,MOVIE,2000,R,1,167670
fantasy,MOVIE,2016,PG,4,165952
crime,SHOW,2016,TV-MA,14,165846
history,MOVIE,2019,,18,164832
war,MOVIE,2019,R,2,164220
fantasy,MOVIE,2015,R,2,163835
action,MOVIE,2022,PG-13,3,163657
documentation,MOVIE,2020,,52,163056
comedy,SHOW,2014,TV-MA,2,162843
crime,MOVIE,2006,R,3,162585
comedy,SHOW,2016,TV-MA,16,162500
scifi,MOVIE,2022,PG-13,3,162064
animation,MOVIE,2016,PG-13,2,161746
european,MOVIE,2016,,33,161647
comedy,MOVIE,2022,PG-13,2,161535
drama,MOVIE,1993,R,3,160902
european,MOVIE,2020,,17,160220
romance,MOVIE,2017,R,3,159670
documentation,SHOW,2019,TV-MA,23,159554
crime,MOVIE,1993,R,2,159338
action,MOVIE,2011,PG,3,158867
family,MOVIE,2004,PG,3,158792
romance,SHOW,2014,TV-MA,3,158785
thriller,SHOW,2016,TV-MA,11,158609
european,SHOW,2018,TV-MA,4,158169
comedy,MOVIE,2002,R,3,157769
scifi,MOVIE,2014,PG,2,157498
scifi,MOVIE,2018,PG-13,4,156708
thriller,SHOW,2018,TV-14,7,156608
horror,MOVIE,2019,R,7,156529
romance,SHOW,2017,TV-14,9,156340
horror,SHOW,2017,TV-MA,8,155654
thriller,MOVIE,2000,R,2,155531
scifi,MOVIE,2017,PG-13,6,155513
crime,MOVIE,2006,PG-13,3,154989
drama,MOVIE,2013,,22,154547
action,MOVIE,2019,PG-13,3,153668
family,MOVIE,2018,PG,13,153516
action,MOVIE,1971,R,1,153463
crime,MOVIE,1971,R,1,153463
thriller,MOVIE,1971,R,1,153463
documentation,MOVIE,2015,R,2,153214
fantasy,SHOW,2014,TV-MA,1,152435
scifi,SHOW,2014,TV-MA,1,152435
music,MOVIE,2018,R,4,150251
animation,MOVIE,2019,PG,5,150141
comedy,MOVIE,2003,PG,2,149999
action,MOVIE,2006,R,2,149754
scifi,MOVIE,2017,,10,149621
comedy,SHOW,2015,TV-PG,3,149565
drama,MOVIE,2015,,34,149510
comedy,MOVIE,1993,PG-13,2,149456
comedy,MOVIE,2012,G,7,149352
action,MOVIE,1993,PG-13,1,149290
fantasy,MOVIE,1993,PG-13,1,149290
romance,MOVIE,2014,PG,6,149289
drama,MOVIE,2001,PG-13,1,149082
comedy,SHOW,2014,TV-14,9,148920
action,SHOW,2015,TV-PG,1,148386
animation,SHOW,2015,TV-PG,1,148386
fantasy,SHOW,2015,TV-PG,1,148386
scifi,SHOW,2015,TV-PG,1,148386
documentation,MOVIE,2006,PG,1,148043
history,MOVIE,2019,PG-13,3,147669
crime,MOVIE,2019,PG-13,2,147662
european,SHOW,2006,TV-14,1,147409
european,MOVIE,2019,PG,3,146937
crime,MOVIE,2004,PG-13,1,145981
comedy,MOVIE,2009,R,4,145284
horror,MOVIE,2007,R,2,144850
romance,MOVIE,2004,PG,3,144844
drama,MOVIE,2012,G,5,144217
war,SHOW,2018,TV-MA,5,144091
crime,MOVIE,2005,PG-13,1,143998
sport,MOVIE,2005,PG-13,1,143670
animation,SHOW,2014,TV-MA,1,143584
thriller,SHOW,2003,TV-14,2,143561
fantasy,MOVIE,2018,PG-13,5,142856
history,SHOW,2015,TV-MA,2,142746
horror,MOVIE,1997,R,1,142696
fantasy,MOVIE,2013,PG,2,142208
comedy,MOVIE,2015,PG,6,141740
western,MOVIE,2018,R,1,141528
history,MOVIE,1997,PG-13,1,141308
war,MOVIE,1997,PG-13,1,141308
drama,SHOW,2003,TV-14,2,141088
action,SHOW,2003,TV-14,1,141049
crime,SHOW,2003,TV-14,1,141049
animation,SHOW,2017,TV-MA,4,140264
crime,MOVIE,1998,R,2,140193
european,MOVIE,1998,R,2,140193
european,MOVIE,2006,R,1,139797
fantasy,MOVIE,2006,R,1,139797
history,MOVIE,2018,R,5,139751
thriller,MOVIE,2016,,24,139045
fantasy,MOVIE,2020,PG-13,4,137812
horror,MOVIE,2014,PG-13,3,137793
comedy,MOVIE,2018,PG,14,137586
drama,MOVIE,1990,PG-13,1,137549
european,MOVIE,1990,PG-13,1,137549
war,MOVIE,2017,R,5,137122
music,MOVIE,2020,PG-13,4,136387
documentation,MOVIE,2016,,27,135824
comedy,MOVIE,2003,PG-13,2,135779
comedy,MOVIE,1991,PG,3,135494
romance,MOVIE,2020,PG-13,7,135353
family,MOVIE,1991,PG,2,135299
comedy,SHOW,2000,TV-14,2,134877
drama,SHOW,2000,TV-14,2,134877
documentation,SHOW,2018,TV-MA,29,133657
music,MOVIE,2016,PG-13,1,132821
scifi,SHOW,2013,TV-14,2,132726
comedy,MOVIE,2007,,6,132526
crime,MOVIE,2002,PG-13,1,131999
drama,MOVIE,2002,PG-13,1,131999
thriller,MOVIE,2002,PG-13,1,131999
comedy,SHOW,2021,TV-14,18,131638
horror,SHOW,2013,TV-14,1,131574
war,MOVIE,2009,R,1,131564
horror,MOVIE,2000,R,1,130099
scifi,MOVIE,2000,R,1,130099
romance,MOVIE,2007,,6,129193
crime,MOVIE,2014,PG-13,5,128447
animation,MOVIE,1993,R,1,128179
crime,MOVIE,2016,,14,126470
comedy,SHOW,2017,TV-14,13,126201
horror,MOVIE,2016,PG-13,6,124728
scifi,MOVIE,2013,PG,2,124554
action,MOVIE,2011,,5,124273
fantasy,MOVIE,2005,PG-13,3,124258
action,SHOW,2012,TV-Y7,4,123286
animation,SHOW,2012,TV-Y7,4,123286
comedy,SHOW,2012,TV-Y7,4,123286
family,SHOW,2012,TV-Y7,4,123286
scifi,SHOW,2012,TV-Y7,4,123286
thriller,MOVIE,2001,R,2,122853
fantasy,SHOW,2012,TV-Y7,3,122371
fantasy,MOVIE,2015,PG-13,2,122364
scifi,MOVIE,2019,R,4,121822
fantasy,MOVIE,2010,R,1,120208
horror,MOVIE,2006,PG-13,1,120188
thriller,MOVIE,2006,PG-13,3,120026
drama,MOVIE,2001,G,2,119985
romance,MOVIE,2001,G,2,119985
comedy,MOVIE,2017,PG-13,15,119541
horror,SHOW,2018,TV-14,2,119204
family,MOVIE,2020,PG,13,118994
fantasy,MOVIE,2020,PG,10,118504
sport,MOVIE,1999,R,1,118479
scifi,MOVIE,2021,,11,117927
drama,SHOW,2012,TV-Y7,1,117464
documentation,MOVIE,2018,,53,117271
comedy,SHOW,1998,TV-14,2,116161
drama,SHOW,1998,TV-14,2,116161
scifi,SHOW,1998,TV-14,2,116161
european,MOVIE,2013,PG-13,2,115836
documentation,SHOW,2021,TV-MA,32,115820
drama,MOVIE,2013,PG,3,115299
fantasy,SHOW,2016,TV-MA,4,115139
fantasy,MOVIE,2016,R,2,114608
scifi,MOVIE,2020,R,4,114568
action,MOVIE,2011,R,1,114505
documentation,MOVIE,2011,R,1,114505
european,MOVIE,2011,R,1,114505
horror,MOVIE,2011,R,1,114505
fantasy,SHOW,2017,TV-MA,8,113422
scifi,SHOW,2020,TV-14,14,113095
action,SHOW,1998,TV-14,1,112887
animation,SHOW,1998,TV-14,1,112887
thriller,SHOW,1998,TV-14,1,112887
western,SHOW,1998,TV-14,1,112887
action,SHOW,1999,TV-14,1,112586
animation,SHOW,1999,TV-14,1,112586
comedy,SHOW,1999,TV-14,1,112586
drama,SHOW,1999,TV-14,1,112586
fantasy,SHOW,1999,TV-14,1,112586
drama,SHOW,2018,TV-PG,7,112514
drama,MOVIE,2004,G,2,112161
thriller,MOVIE,2010,PG,3,112122
animation,SHOW,2011,TV-14,5,112109
action,MOVIE,1967,R,1,111189
crime,MOVIE,1967,R,1,111189
drama,MOVIE,1967,R,1,111189
european,MOVIE,2014,PG,1,111092
drama,MOVIE,2001,PG,1,111053
romance,MOVIE,2001,PG,1,111053
sport,MOVIE,2001,PG,1,111053
comedy,MOVIE,2006,R,3,110765
comedy,SHOW,2020,TV-14,13,110514
fantasy,MOVIE,2015,PG,3,110419
drama,SHOW,2011,TV-14,7,110024
documentation,MOVIE,2021,,34,109801
fantasy,SHOW,2011,TV-14,3,109653
action,SHOW,2018,TV-PG,5,109468
family,MOVIE,2015,PG,2,108509
scifi,MOVIE,2015,PG,2,108509
thriller,MOVIE,2022,,12,107987
action,MOVIE,2007,PG,2,106659
fantasy,MOVIE,2007,PG,2,106659
horror,SHOW,2015,TV-14,2,106570
drama,MOVIE,2014,,24,106466
romance,MOVIE,2009,PG-13,4,106233
european,MOVIE,2018,PG-13,4,105515
documentation,MOVIE,2020,PG-13,6,105028
comedy,MOVIE,2001,R,1,104604
scifi,MOVIE,2021,PG,2,104255
fantasy,MOVIE,2009,R,1,104166
scifi,MOVIE,2009,R,1,104166
history,MOVIE,2010,R,1,103673
sport,MOVIE,2010,R,1,103673
crime,MOVIE,1998,PG-13,1,103263
family,SHOW,2018,TV-PG,3,103208
western,MOVIE,2019,R,2,103091
action,SHOW,2011,TV-14,4,103054
documentation,MOVIE,2011,PG-13,3,102975
horror,MOVIE,2018,PG-13,1,102759
fantasy,MOVIE,1989,R,1,102212
horror,MOVIE,1989,R,1,102212
thriller,MOVIE,1989,R,1,102212
crime,MOVIE,2013,,9,102003
war,MOVIE,2015,R,4,101846
thriller,MOVIE,2013,,8,101800
action,MOVIE,2016,,12,101425
animation,SHOW,2018,TV-14,11,101225
comedy,MOVIE,2014,R,7,101204
scifi,SHOW,2018,TV-PG,2,101176
fantasy,SHOW,2018,TV-MA,14,101004
animation,MOVIE,2015,PG,1,100705
drama,MOVIE,2018,PG,12,100614
family,SHOW,2011,TV-14,2,100598
scifi,SHOW,2022,TV-MA,9,100156
action,SHOW,2016,TV-MA,13,99942
european,MOVIE,2016,R,4,99749
thriller,SHOW,2018,TV-PG,2,99655
thriller,MOVIE,2015,PG-13,3,98864
fantasy,MOVIE,2021,R,5,98561
crime,MOVIE,2011,,3,98389
drama,MOVIE,2008,PG,3,98255
scifi,MOVIE,2018,,9,98147
scifi,MOVIE,2015,PG-13,1,98127
documentation,SHOW,2015,TV-14,5,97767
action,MOVIE,2017,NC-17,2,97703
crime,MOVIE,2017,NC-17,2,97703
drama,MOVIE,2017,NC-17,2,97703
thriller,MOVIE,2017,NC-17,2,97703
drama,SHOW,2016,TV-PG,7,97668
comedy,MOVIE,2020,PG,11,97637
romance,MOVIE,1995,R,2,97145
family,MOVIE,1994,PG,3,96967
european,MOVIE,2016,PG-13,4,96360
romance,SHOW,2020,TV-14,12,96221
history,MOVIE,2016,,7,96067
european,MOVIE,2019,R,2,95934
history,MOVIE,2015,PG-13,2,95657
fantasy,MOVIE,2019,,18,95617
action,MOVIE,2008,PG,1,94628
family,MOVIE,2008,PG,1,94628
fantasy,MOVIE,2008,PG,1,94628
thriller,MOVIE,2008,PG,1,94628
action,MOVIE,2001,PG-13,2,94154
drama,MOVIE,1964,G,1,94121
family,MOVIE,1964,G,1,94121
music,MOVIE,1964,G,1,94121
romance,MOVIE,1964,G,1,94121
action,SHOW,2002,TV-PG,1,93980
animation,SHOW,2002,TV-PG,1,93980
comedy,SHOW,2002,TV-PG,1,93980
fantasy,SHOW,2002,TV-PG,1,93980
scifi,SHOW,2002,TV-PG,1,93980
thriller,SHOW,2002,TV-PG,1,93980
comedy,MOVIE,1993,PG,2,93907
sport,MOVIE,2013,PG-13,1,93314
war,MOVIE,2020,R,5,93055
romance,MOVIE,2016,,21,92865
crime,SHOW,2022,TV-MA,17,92757
action,MOVIE,1990,PG,1,92647
comedy,MOVIE,1990,PG,1,92647
family,MOVIE,1990,PG,1,92647
scifi,MOVIE,1990,PG,1,92647
romance,MOVIE,2020,R,4,92437
scifi,MOVIE,2001,PG-13,1,91584
thriller,MOVIE,2001,PG-13,1,91584
fantasy,MOVIE,2018,PG,5,91462
scifi,MOVIE,2020,PG-13,3,91371
action,SHOW,1997,TV-PG,1,90196
drama,SHOW,1997,TV-PG,1,90196
scifi,SHOW,1997,TV-PG,1,90196
war,MOVIE,2018,R,3,89573
scifi,MOVIE,2016,R,3,89255
drama,MOVIE,2011,,17,89181
european,MOVIE,2004,G,1,89085
crime,SHOW,2011,TV-14,2,88855
action,MOVIE,2013,PG-13,3,88671
comedy,MOVIE,2022,,29,88618
thriller,MOVIE,2011,,5,88436
action,SHOW,2016,TV-PG,2,88331
thriller,SHOW,2016,TV-PG,2,88090
romance,SHOW,2019,TV-MA,15,88037
war,SHOW,2016,TV-PG,1,88019
history,MOVIE,2021,PG-13,5,87909
documentation,SHOW,2011,TV-14,2,87885
drama,MOVIE,1994,PG,2,87759
romance,MOVIE,1994,PG,2,87759
horror,SHOW,2022,TV-MA,4,87485
horror,SHOW,2015,TV-MA,2,87327
romance,MOVIE,2013,PG-13,3,86831
fantasy,MOVIE,2001,R,1,86492
horror,MOVIE,2001,R,1,86492
drama,MOVIE,2015,PG,7,86313
action,SHOW,2022,TV-MA,7,86262
scifi,MOVIE,2021,PG-13,3,86173
comedy,SHOW,2017,TV-PG,4,85774
history,MOVIE,2018,,7,85180
drama,SHOW,2012,TV-MA,5,85119
fantasy,MOVIE,2018,,14,85103
drama,SHOW,2017,TV-PG,7,84600
comedy,SHOW,2012,TV-MA,4,84364
comedy,MOVIE,2017,PG,13,84310
horror,MOVIE,2011,PG,1,83727
fantasy,SHOW,2020,TV-14,8,83631
fantasy,MOVIE,2017,NC-17,1,83519
horror,MOVIE,2017,NC-17,1,83519
romance,SHOW,2021,TV-MA,17,83376
music,MOVIE,2019,,22,82630
war,MOVIE,2010,PG,1,82623
romance,MOVIE,2012,G,2,82514
comedy,MOVIE,2022,R,12,82475
documentation,SHOW,2017,TV-14,10,82413
family,MOVIE,2003,PG,1,81971
fantasy,MOVIE,2003,PG,1,81971
drama,MOVIE,2008,,10,81266
european,MOVIE,1983,R,1,80945
horror,MOVIE,1983,R,1,80945
thriller,MOVIE,1983,R,1,80945
crime,MOVIE,2008,R,2,80901
action,SHOW,2008,TV-PG,1,80138
drama,SHOW,2008,TV-PG,1,80138
european,SHOW,2008,TV-PG,1,80138
fantasy,SHOW,2008,TV-PG,1,80138
scifi,SHOW,2008,TV-PG,1,80138
crime,MOVIE,2017,PG-13,5,79883
drama,MOVIE,1991,PG,1,79800
european,MOVIE,1991,PG,1,79800
romance,MOVIE,1991,PG,1,79800
fantasy,SHOW,2015,TV-MA,2,79738
music,MOVIE,2020,R,3,79482
comedy,MOVIE,2011,,9,79151
thriller,MOVIE,2022,R,4,79002
romance,MOVIE,2022,,19,78584
documentation,MOVIE,2015,,14,78371
romance,MOVIE,2009,R,2,78037
action,SHOW,2014,TV-MA,3,77864
sport,MOVIE,2021,,9,77801
fantasy,MOVIE,2020,,22,77732
horror,SHOW,2020,TV-14,2,77583
horror,MOVIE,2014,R,3,77455
thriller,SHOW,2020,TV-14,5,77263
documentation,MOVIE,2013,PG-13,2,76962
crime,MOVIE,2022,R,6,76711
documentation,MOVIE,2014,,18,76365
drama,MOVIE,1995,R,2,75983
crime,SHOW,2011,TV-MA,3,75421
drama,MOVIE,1993,PG,1,75244
romance,SHOW,2014,TV-14,7,75178
scifi,MOVIE,2013,PG-13,1,75139
romance,SHOW,2019,TV-14,13,74696
thriller,MOVIE,2015,,10,74262
drama,MOVIE,2014,PG,4,73765
crime,MOVIE,2018,,28,73494
sport,MOVIE,2017,,6,73459
european,MOVIE,2015,,8,73268
comedy,SHOW,1969,TV-14,1,72895
european,SHOW,1969,TV-14,1,72895
romance,MOVIE,2010,PG-13,3,72738
documentation,MOVIE,2006,R,1,72366
animation,SHOW,2021,TV-MA,13,72021
comedy,MOVIE,2000,PG-13,2,71643
documentation,SHOW,2014,TV-MA,1,71229
history,SHOW,2014,TV-MA,1,71229
comedy,MOVIE,2001,G,1,71167
scifi,MOVIE,1995,R,1,71062
war,SHOW,2016,TV-14,5,70934
action,MOVIE,2019,PG,6,70331
comedy,SHOW,2022,TV-MA,16,70274
music,MOVIE,2018,,20,69562
drama,MOVIE,1980,R,1,69053
romance,MOVIE,1980,R,1,69053
history,MOVIE,2014,PG,1,68790
horror,SHOW,2014,TV-14,3,68260
drama,MOVIE,2021,PG,8,68071
drama,MOVIE,2003,PG,1,68028
romance,MOVIE,2003,PG,1,68028
fantasy,SHOW,2014,TV-14,5,67930
fantasy,MOVIE,1997,PG-13,1,67761
drama,MOVIE,2019,PG,9,67705
history,MOVIE,2020,,11,67505
fantasy,MOVIE,2019,PG-13,5,67314
drama,MOVIE,2022,R,6,66511
thriller,MOVIE,2014,,10,66460
scifi,MOVIE,2020,,10,66387
action,MOVIE,1995,PG-13,1,66127
crime,MOVIE,1995,PG-13,1,66127
drama,MOVIE,1995,PG-13,1,66127
thriller,MOVIE,1995,PG-13,1,66127
animation,MOVIE,2021,,17,65771
documentation,MOVIE,2022,,9,65272
action,SHOW,1995,TV-14,1,64727
animation,SHOW,1995,TV-14,1,64727
drama,SHOW,1995,TV-14,1,64727
fantasy,SHOW,1995,TV-14,1,64727
scifi,SHOW,1995,TV-14,1,64727
thriller,SHOW,1995,TV-14,1,64727
crime,MOVIE,1999,R,2,64669
european,MOVIE,1997,R,1,64625
family,MOVIE,2020,,33,64479
sport,MOVIE,2000,PG-13,1,64087
animation,MOVIE,2007,PG,1,64062
scifi,MOVIE,2007,PG,1,64062
romance,MOVIE,2017,PG,8,63895
documentation,MOVIE,2020,R,5,63318
horror,MOVIE,2015,,5,63229
western,MOVIE,2014,R,1,63007
action,SHOW,2017,TV-PG,3,62799
crime,MOVIE,2014,,5,62538
animation,SHOW,2018,TV-MA,11,62533
drama,MOVIE,2020,PG,11,62507
action,SHOW,2006,TV-14,1,62367
war,SHOW,2006,TV-14,1,62367
music,SHOW,2003,TV-14,1,62140
scifi,MOVIE,2004,PG-13,1,61797
crime,SHOW,2018,TV-14,5,61546
romance,SHOW,2016,TV-MA,5,61402
thriller,SHOW,2013,TV-MA,2,61337
action,SHOW,1993,TV-PG,1,61145
drama,SHOW,1993,TV-PG,1,61145
scifi,SHOW,1993,TV-PG,1,61145
family,SHOW,2017,TV-PG,2,61065
war,MOVIE,2020,,3,60993
comedy,MOVIE,2008,,11,60653
drama,MOVIE,2009,,9,60548
animation,SHOW,2018,TV-Y7,16,60498
comedy,MOVIE,2015,,32,60433
family,SHOW,2018,TV-Y7,13,60409
scifi,MOVIE,2015,,4,60239
fantasy,MOVIE,2021,PG,4,59732
drama,MOVIE,1992,PG,1,59086
romance,SHOW,2018,TV-14,13,58907
thriller,MOVIE,1999,R,1,58726
european,MOVIE,2014,,7,58643
romance,MOVIE,2002,R,1,58516
scifi,MOVIE,2016,PG-13,1,58407
scifi,MOVIE,2014,,4,58310
fantasy,MOVIE,2017,PG-13,4,58195
war,SHOW,2014,TV-14,2,58078
action,MOVIE,2022,,8,58028
scifi,SHOW,2018,TV-Y7,9,57824
comedy,MOVIE,1998,G,2,57474
fantasy,MOVIE,2012,G,1,57449
horror,MOVIE,2020,PG-13,2,57215
family,MOVIE,2021,,23,56385
drama,SHOW,2018,TV-Y7,6,55989
romance,MOVIE,2015,PG-13,6,55854
animation,MOVIE,2016,R,1,55806
animation,MOVIE,2019,,16,55717
drama,MOVIE,2012,,11,55552
action,MOVIE,1991,PG,1,55499
scifi,MOVIE,1991,PG,1,55499
fantasy,MOVIE,2021,PG-13,5,55469
comedy,SHOW,2016,TV-Y7,9,55362
family,SHOW,2016,TV-Y7,9,55362
family,MOVIE,2019,,25,55271
romance,MOVIE,2016,R,1,55118
music,MOVIE,2021,R,5,54910
music,MOVIE,2017,,7,54772
european,MOVIE,2005,R,1,54633
family,MOVIE,2017,PG,10,54498
thriller,MOVIE,2012,,7,54399
animation,MOVIE,2002,G,1,53746
comedy,MOVIE,2002,G,1,53746
family,MOVIE,2002,G,1,53746
fantasy,MOVIE,2002,G,1,53746
action,MOVIE,2015,,10,53694
romance,MOVIE,2015,,17,53659
drama,SHOW,2017,TV-G,2,53063
family,SHOW,2017,TV-G,2,53063
fantasy,SHOW,2018,TV-Y7,6,52970
documentation,MOVIE,2018,R,2,52913
history,SHOW,2021,TV-MA,13,52530
european,MOVIE,2011,,2,52467
action,MOVIE,1997,,1,51938
animation,MOVIE,1997,,1,51938
fantasy,MOVIE,1997,,1,51938
scifi,MOVIE,1997,,1,51938
reality,SHOW,2017,TV-MA,3,51909
drama,MOVIE,1998,G,1,51640
romance,MOVIE,1998,G,1,51640
comedy,MOVIE,2013,,25,50754
animation,MOVIE,2020,PG,6,50720
animation,SHOW,2016,TV-14,3,50613
reality,SHOW,2020,TV-MA,13,50603
history,SHOW,2011,TV-MA,1,50556
romance,SHOW,2011,TV-MA,1,50556
action,MOVIE,1961,,1,50150
drama,MOVIE,1961,,1,50150
war,MOVIE,1961,,1,50150
romance,MOVIE,2017,PG-13,5,50049
fantasy,SHOW,2015,TV-14,2,49876
music,MOVIE,2016,,8,49736
sport,MOVIE,2011,PG,1,49101
animation,MOVIE,2018,PG,8,48722
drama,MOVIE,2012,PG,4,48534
western,MOVIE,2015,PG-13,2,47973
animation,SHOW,2014,TV-14,4,47798
sport,SHOW,2019,TV-MA,8,47667
comedy,MOVIE,2014,,23,47656
music,MOVIE,2019,R,1,47603
crime,MOVIE,2012,,4,47565
animation,SHOW,2015,TV-MA,3,47324
thriller,MOVIE,2004,PG-13,1,47049
action,MOVIE,2013,,9,46931
war,MOVIE,2016,,3,46534
fantasy,SHOW,2022,TV-MA,5,46050
horror,MOVIE,2022,R,1,45810
war,MOVIE,2018,,2,45716
drama,SHOW,2022,TV-14,12,45669
action,SHOW,2018,TV-Y7,12,45629
thriller,MOVIE,2007,PG,2,45200
european,MOVIE,2019,PG-13,2,44977
drama,SHOW,2004,TV-14,1,44971
scifi,SHOW,2004,TV-14,1,44971
thriller,SHOW,2004,TV-14,1,44971
comedy,MOVIE,1982,PG,1,44866
drama,MOVIE,1982,PG,1,44866
family,MOVIE,1982,PG,1,44866
drama,SHOW,2020,,11,44805
documentation,SHOW,2019,TV-14,7,44756
sport,SHOW,2017,TV-MA,1,44751
documentation,SHOW,2019,TV-G,2,44098
reality,MOVIE,2021,R,1,44074
action,MOVIE,2004,PG,2,44020
drama,MOVIE,2004,PG,2,44020
thriller,MOVIE,2004,PG,2,44020
action,SHOW,2012,TV-MA,1,43727
animation,SHOW,2012,TV-MA,1,43727
fantasy,SHOW,2012,TV-MA,1,43727
romance,SHOW,2012,TV-MA,1,43727
scifi,SHOW,2012,TV-MA,1,43727
thriller,SHOW,2012,TV-MA,1,43727
western,SHOW,2012,TV-MA,1,43727
romance,MOVIE,1954,,2,43592
drama,MOVIE,2003,,6,43558
comedy,SHOW,2018,TV-Y7,14,43487
romance,MOVIE,2021,PG-13,4,43330
comedy,MOVIE,2012,PG,5,43282
comedy,MOVIE,1954,,1,42373
music,MOVIE,1954,,1,42373
documentation,MOVIE,2021,R,15,42255
comedy,MOVIE,2006,,8,42176
family,SHOW,2019,TV-PG,10,42111
romance,SHOW,2022,TV-MA,8,41896
crime,MOVIE,2016,PG-13,3,41844
comedy,SHOW,2001,TV-MA,1,41791
crime,SHOW,2001,TV-MA,1,41791
comedy,MOVIE,2009,,4,41757
fantasy,MOVIE,2012,,1,41752
romance,MOVIE,2009,,3,41732
documentation,MOVIE,2020,PG,5,41374
romance,MOVIE,2018,PG,5,41332
crime,SHOW,2019,TV-14,10,41244
action,MOVIE,2006,PG-13,3,40872
romance,MOVIE,2015,PG,3,40316
war,MOVIE,2013,R,1,39743
comedy,MOVIE,2001,,4,39643
history,MOVIE,2017,R,2,39503
action,MOVIE,1994,PG,2,39346
sport,MOVIE,1994,PG,2,39346
drama,MOVIE,2001,,3,38560
history,MOVIE,2021,,8,38552
horror,MOVIE,2005,PG-13,1,38445
comedy,SHOW,2007,TV-G,2,38306
family,SHOW,2007,TV-G,2,38306
romance,SHOW,2007,TV-G,1,38281
sport,MOVIE,2009,R,2,38172
animation,SHOW,2001,TV-Y7,1,38046
comedy,SHOW,2001,TV-Y7,1,38046
family,SHOW,2001,TV-Y7,1,38046
fantasy,SHOW,2001,TV-Y7,1,38046
scifi,SHOW,2001,TV-Y7,1,38046
western,SHOW,2016,TV-MA,1,37890
action,MOVIE,2012,PG,3,37637
crime,MOVIE,2012,PG,2,37421
thriller,MOVIE,2012,PG,2,37421
european,MOVIE,2006,PG-13,1,36836
drama,MOVIE,1998,PG-13,3,36831
sport,MOVIE,2013,,1,36512
drama,SHOW,2019,TV-PG,10,36509
drama,MOVIE,2002,,4,36508
action,MOVIE,2001,R,1,36361
european,MOVIE,2001,R,1,36361
history,SHOW,2016,TV-14,5,36300
sport,SHOW,2021,TV-14,5,36266
documentation,SHOW,2015,TV-MA,4,36083
documentation,SHOW,2021,TV-14,14,36074
romance,MOVIE,2021,PG,3,35916
sport,MOVIE,2012,PG,1,35888
drama,MOVIE,2020,NC-17,2,35839
documentation,SHOW,2020,TV-14,11,35838
war,SHOW,2020,TV-MA,4,35722
action,MOVIE,2001,PG,1,35711
animation,MOVIE,2001,PG,1,35711
comedy,MOVIE,2001,PG,1,35711
crime,MOVIE,2001,PG,1,35711
family,MOVIE,2001,PG,1,35711
fantasy,MOVIE,2001,PG,1,35711
scifi,MOVIE,2001,PG,1,35711
history,SHOW,2014,TV-14,1,35515
reality,SHOW,2019,TV-MA,8,35488
horror,SHOW,2019,TV-14,5,35477
drama,SHOW,2019,,26,34950
comedy,SHOW,1989,TV-G,1,34854
family,SHOW,1989,TV-G,1,34854
romance,SHOW,1989,TV-G,1,34854
crime,MOVIE,2015,PG,1,34659
thriller,MOVIE,2015,PG,1,34659
romance,MOVIE,2020,PG,4,34636
romance,MOVIE,2013,,13,34489
romance,SHOW,2022,TV-14,5,34416
drama,SHOW,2021,,13,34414
western,SHOW,2012,TV-14,1,34362
comedy,MOVIE,1997,R,1,34127
war,MOVIE,2016,PG-13,3,34026
romance,MOVIE,2008,,3,33786
action,SHOW,1982,TV-PG,1,33760
crime,SHOW,1982,TV-PG,1,33760
drama,SHOW,1982,TV-PG,1,33760
scifi,SHOW,1982,TV-PG,1,33760
family,SHOW,2021,TV-14,3,33412
action,MOVIE,1993,PG,1,33128
fantasy,MOVIE,1993,PG,1,33128
scifi,MOVIE,1993,PG,1,33128
action,SHOW,2017,TV-14,6,33101
action,MOVIE,2002,,3,32910
war,MOVIE,2019,,6,32844
romance,MOVIE,2011,,7,32735
history,SHOW,2022,TV-MA,3,32646
crime,MOVIE,2014,PG,2,32575
action,SHOW,2021,TV-PG,5,32333
drama,MOVIE,2021,G,2,32332
war,MOVIE,2008,PG-13,1,32188
drama,SHOW,2021,TV-PG,5,31761
crime,MOVIE,2007,,5,31570
fantasy,MOVIE,2017,PG,8,31564
family,SHOW,2021,TV-PG,5,31445
war,SHOW,2022,TV-MA,1,31330
comedy,SHOW,2021,TV-PG,4,31222
comedy,SHOW,2012,TV-14,6,31192
documentation,MOVIE,2017,R,6,31091
history,MOVIE,2019,PG,2,31069
drama,MOVIE,2017,PG,6,31063
animation,SHOW,2019,TV-PG,7,30373
action,MOVIE,1979,PG,1,30277
animation,MOVIE,1979,PG,1,30277
comedy,MOVIE,1979,PG,1,30277
family,MOVIE,1979,PG,1,30277
fantasy,MOVIE,1979,PG,1,30277
war,MOVIE,2017,,4,30265
romance,MOVIE,2006,R,1,30186
comedy,MOVIE,2008,PG-13,5,30058
european,MOVIE,2020,NC-17,1,30030
history,SHOW,2017,TV-MA,4,29865
music,MOVIE,2015,,4,29833
documentation,MOVIE,2013,,9,29716
crime,MOVIE,2007,PG-13,2,29695
documentation,SHOW,2022,TV-MA,13,29678
history,MOVIE,2017,,11,29656
family,MOVIE,2015,,6,29349
crime,SHOW,2012,TV-MA,1,29196
documentation,SHOW,2017,TV-MA,14,29095
animation,SHOW,2021,TV-PG,4,29032
fantasy,SHOW,2021,TV-PG,4,29032
thriller,MOVIE,2022,PG-13,2,28903
scifi,SHOW,2021,TV-PG,3,28718
crime,SHOW,2021,TV-14,7,28662
sport,MOVIE,2020,,7,28643
drama,MOVIE,1994,,4,28591
action,SHOW,2019,TV-PG,4,28591
documentation,MOVIE,2021,PG-13,11,28408
animation,SHOW,2016,TV-Y7,9,28384
family,MOVIE,2012,PG,2,28264
drama,MOVIE,2007,,9,28222
fantasy,SHOW,2019,TV-PG,4,28172
music,SHOW,2016,TV-MA,2,28076
european,SHOW,2016,TV-14,3,27701
scifi,SHOW,2019,TV-PG,4,27608
drama,MOVIE,2010,,10,27486
romance,MOVIE,1994,,2,27451
fantasy,SHOW,2016,TV-Y7,6,27433
romance,MOVIE,2019,PG,2,27369
sport,MOVIE,2019,,10,27208
animation,SHOW,2010,TV-Y7,2,27208
comedy,SHOW,2010,TV-Y7,2,27208
drama,SHOW,2010,TV-Y7,2,27208
family,SHOW,2010,TV-Y7,2,27208
scifi,SHOW,2010,TV-Y7,2,27208
romance,SHOW,2021,TV-14,10,27204
action,SHOW,2016,TV-Y7,7,27202
drama,MOVIE,2006,,9,27186
drama,MOVIE,2018,G,7,27051
history,SHOW,2017,TV-14,3,26895
scifi,MOVIE,2020,PG,3,26862
history,MOVIE,2022,PG-13,1,26781
sport,MOVIE,2021,R,5,26766
comedy,SHOW,2018,TV-PG,11,26586
music,MOVIE,2008,,3,26457
horror,SHOW,2019,TV-PG,2,26315
scifi,SHOW,2016,TV-Y7,5,26313
drama,SHOW,2007,TV-PG,2,26266
family,SHOW,2007,TV-PG,2,26266
romance,MOVIE,2006,PG-13,1,26157
horror,MOVIE,2016,,3,25875
documentation,SHOW,2020,,6,25864
animation,MOVIE,2012,PG,2,25855
scifi,MOVIE,2012,PG,2,25855
action,SHOW,1993,TV-Y7,2,25757
family,SHOW,1993,TV-Y7,2,25757
fantasy,SHOW,1993,TV-Y7,2,25757
scifi,SHOW,1993,TV-Y7,2,25757
drama,SHOW,2012,TV-PG,1,25562
european,SHOW,2012,TV-PG,1,25562
history,SHOW,2012,TV-PG,1,25562
crime,MOVIE,2000,R,1,25432
european,MOVIE,2000,R,1,25432
drama,SHOW,2016,TV-Y7,2,25215
comedy,MOVIE,2003,,3,24811
reality,SHOW,2018,TV-PG,7,24775
crime,MOVIE,2015,PG-13,1,24676
music,MOVIE,2014,PG-13,1,24456
reality,SHOW,2000,TV-PG,1,24368
crime,SHOW,2021,,6,24351
animation,SHOW,2012,TV-14,3,24314
scifi,SHOW,2011,TV-14,4,24252
comedy,SHOW,2010,TV-G,1,24224
drama,SHOW,2010,TV-G,1,24224
family,SHOW,2010,TV-G,1,24224
music,SHOW,2010,TV-G,1,24224
romance,SHOW,2010,TV-G,1,24224
sport,SHOW,2010,TV-G,1,24224
music,MOVIE,2021,PG-13,1,24003
action,MOVIE,2021,PG,3,24001
reality,MOVIE,2020,,1,23979
scifi,MOVIE,2019,PG,1,23651
documentation,MOVIE,2007,PG-13,1,23541
action,MOVIE,2014,,9,23537
history,SHOW,2020,,2,23533
european,SHOW,2010,TV-MA,1,23523
reality,SHOW,2018,TV-14,5,23440
family,SHOW,2013,TV-G,6,23358
crime,MOVIE,2004,PG,1,23307
romance,SHOW,2021,,7,23307
action,SHOW,2020,,3,23254
family,MOVIE,2022,,6,23155
animation,MOVIE,2020,,20,23152
crime,MOVIE,2010,PG-13,2,23139
crime,MOVIE,2010,PG,2,23106
action,MOVIE,2004,G,1,23076
romance,MOVIE,2004,G,1,23076
war,MOVIE,2004,G,1,23076
action,MOVIE,2008,,4,23014
horror,MOVIE,2022,,3,22593
crime,MOVIE,2006,,1,22505
drama,MOVIE,1996,PG-13,2,22357
comedy,SHOW,2008,TV-MA,3,22295
western,SHOW,2016,TV-14,1,22256
war,SHOW,2020,,1,22045
thriller,SHOW,2018,TV-Y7,2,22007
action,MOVIE,2018,PG,3,21931
history,MOVIE,2013,PG-13,1,21882
documentation,SHOW,2018,TV-14,7,21751
horror,SHOW,2008,TV-MA,2,21540
scifi,SHOW,2008,TV-MA,2,21540
crime,SHOW,2004,TV-MA,1,21531
documentation,SHOW,2004,TV-MA,1,21531
drama,SHOW,2004,TV-MA,1,21531
fantasy,MOVIE,2014,R,1,21514
animation,MOVIE,2017,,8,21454
comedy,SHOW,2013,TV-G,5,21430
comedy,SHOW,2021,,12,21374
animation,SHOW,2020,TV-MA,4,21312
scifi,MOVIE,2018,PG,2,21122
scifi,MOVIE,2022,,2,21001
comedy,MOVIE,1994,,1,20986
action,SHOW,1998,TV-Y,1,20888
animation,SHOW,1998,TV-Y,1,20888
comedy,SHOW,1998,TV-Y,1,20888
drama,SHOW,1998,TV-Y,1,20888
family,SHOW,1998,TV-Y,1,20888
fantasy,SHOW,1998,TV-Y,1,20888
scifi,SHOW,1998,TV-Y,1,20888
drama,SHOW,2013,TV-G,5,20887
war,SHOW,2019,TV-MA,5,20855
animation,SHOW,2015,TV-Y7,7,20822
documentation,SHOW,2020,TV-PG,8,20786
fantasy,SHOW,2010,TV-Y7,1,20708
music,SHOW,2010,TV-Y7,1,20708
horror,SHOW,2016,TV-MA,3,20615
crime,MOVIE,2004,R,1,20611
history,MOVIE,2004,R,1,20611
thriller,MOVIE,2018,G,2,20576
romance,SHOW,2019,,10,20502
comedy,MOVIE,2012,,15,20403
reality,SHOW,2003,TV-14,2,20355
comedy,MOVIE,1987,R,2,20297
documentation,MOVIE,1987,R,2,20297
crime,MOVIE,2008,,3,20271
music,MOVIE,2012,PG-13,1,20194
action,SHOW,2015,TV-Y7,6,20110
history,SHOW,2021,TV-14,3,20002
scifi,SHOW,2017,TV-14,9,19872
romance,MOVIE,1996,PG-13,1,19829
family,SHOW,2015,TV-Y7,6,19774
animation,MOVIE,2017,PG-13,4,19715
music,MOVIE,2022,R,1,19689
european,SHOW,2008,TV-MA,1,19684
animation,SHOW,2008,TV-14,2,19479
drama,SHOW,2008,TV-14,2,19479
romance,SHOW,2008,TV-14,2,19479
european,SHOW,2014,TV-MA,1,19259
action,SHOW,2021,,2,18822
drama,MOVIE,2005,,5,18820
sport,MOVIE,2022,PG,2,18788
family,MOVIE,2017,,13,18652
family,MOVIE,2018,,12,18592
action,SHOW,2020,TV-14,11,18590
music,MOVIE,2020,PG,2,18590
european,MOVIE,2017,PG,1,18484
crime,MOVIE,2015,,6,18460
documentation,SHOW,2016,TV-MA,6,18407
scifi,SHOW,2020,TV-PG,3,18308
comedy,MOVIE,1994,G,1,18224
drama,MOVIE,1994,G,1,18224
music,MOVIE,1994,G,1,18224
romance,MOVIE,1994,G,1,18224
crime,MOVIE,2018,G,1,18165
documentation,MOVIE,2018,G,1,18165
thriller,MOVIE,2017,PG,3,18143
history,MOVIE,2022,,1,18057
action,MOVIE,2020,PG,2,18042
fantasy,SHOW,2015,TV-Y7,3,17959
history,SHOW,2020,TV-14,4,17757
thriller,SHOW,2019,TV-14,3,17755
documentation,MOVIE,2013,PG,4,17479
music,MOVIE,2015,PG,3,17419
comedy,SHOW,2019,TV-PG,10,17400
european,SHOW,2016,,4,17139
war,MOVIE,2022,,1,17101
fantasy,SHOW,2011,TV-PG,2,17049
comedy,MOVIE,2004,,5,17031
action,MOVIE,2003,,1,17029
crime,MOVIE,2003,,1,17029
action,SHOW,2007,TV-14,1,17024
animation,SHOW,2007,TV-14,1,17024
comedy,SHOW,2007,TV-14,1,17024
drama,SHOW,2007,TV-14,1,17024
scifi,SHOW,2007,TV-14,1,17024
documentation,MOVIE,2018,PG,4,17020
european,MOVIE,2020,R,1,16939
romance,MOVIE,2014,,8,16931
documentation,MOVIE,2022,R,5,16839
sport,SHOW,2018,TV-MA,3,16793
family,SHOW,2020,TV-PG,4,16778
animation,MOVIE,2018,PG-13,3,16679
family,MOVIE,2020,G,9,16675
fantasy,SHOW,2017,TV-14,7,16666
drama,MOVIE,1995,,3,16661
romance,MOVIE,1995,,3,16661
comedy,SHOW,2019,,16,16590
comedy,MOVIE,2022,PG,1,16320
romance,SHOW,2015,TV-MA,1,16273
history,MOVIE,2002,,1,16225
comedy,MOVIE,2018,G,8,16201
action,MOVIE,1966,PG-13,1,16168
european,MOVIE,1966,PG-13,1,16168
western,MOVIE,1966,PG-13,1,16168
comedy,SHOW,2015,TV-G,4,16026
action,SHOW,2000,TV-14,1,15823
animation,SHOW,2000,TV-14,1,15823
fantasy,SHOW,2000,TV-14,1,15823
romance,SHOW,2000,TV-14,1,15823
scifi,SHOW,2000,TV-14,1,15823
comedy,SHOW,2009,TV-G,3,15767
family,SHOW,2009,TV-G,3,15767
history,SHOW,2018,TV-MA,4,15563
comedy,MOVIE,2010,G,4,15458
music,MOVIE,2020,,15,15359
comedy,MOVIE,2005,,5,15285
reality,SHOW,2019,TV-14,8,15230
history,SHOW,2019,,4,15214
comedy,MOVIE,1982,R,1,15186
documentation,MOVIE,1982,R,1,15186
action,SHOW,2010,TV-14,4,15171
romance,MOVIE,2022,R,3,15169
animation,SHOW,2010,TV-14,2,15139
scifi,SHOW,2010,TV-14,2,15139
romance,MOVIE,2006,,3,15116
war,SHOW,2021,TV-MA,4,15062
documentation,SHOW,2016,TV-14,3,15023
action,SHOW,2011,TV-MA,2,15013
documentation,MOVIE,2016,R,2,14851
comedy,SHOW,2017,,12,14850
drama,MOVIE,1990,,4,14823
history,MOVIE,2015,,2,14807
action,SHOW,2020,TV-PG,2,14799
drama,SHOW,2006,TV-PG,1,14782
family,SHOW,2006,TV-PG,1,14782
fantasy,SHOW,2006,TV-PG,1,14782
scifi,SHOW,2006,TV-PG,1,14782
crime,MOVIE,2017,PG,2,14733
family,SHOW,2020,TV-G,6,14654
documentation,MOVIE,2019,PG,3,14630
action,MOVIE,2016,NC-17,1,14501
animation,MOVIE,2016,NC-17,1,14501
drama,MOVIE,2016,NC-17,1,14501
fantasy,MOVIE,2016,NC-17,1,14501
horror,MOVIE,2016,NC-17,1,14501
scifi,MOVIE,2016,NC-17,1,14501
thriller,MOVIE,2016,NC-17,1,14501
drama,SHOW,2018,,16,14499
drama,SHOW,2019,TV-G,1,14464
scifi,SHOW,2019,TV-G,1,14464
european,SHOW,2015,TV-14,4,14381
action,MOVIE,2009,PG,1,14380
comedy,SHOW,2020,TV-G,4,14333
comedy,SHOW,2008,TV-14,1,14307
war,MOVIE,2013,,2,14304
comedy,MOVIE,1986,R,1,14277
romance,MOVIE,1986,R,1,14277
music,MOVIE,2021,,13,14270
romance,SHOW,2006,TV-14,2,14180
drama,SHOW,2020,TV-G,3,14120
european,MOVIE,2020,PG-13,1,14021
comedy,SHOW,2010,TV-14,1,13848
fantasy,SHOW,2010,TV-14,1,13848
thriller,MOVIE,2005,,2,13845
comedy,SHOW,2009,TV-14,3,13832
comedy,MOVIE,2019,G,3,13685
drama,MOVIE,1993,PG-13,2,13683
action,MOVIE,2019,NC-17,1,13680
comedy,MOVIE,2019,NC-17,1,13680
crime,MOVIE,2019,NC-17,1,13680
drama,MOVIE,2019,NC-17,1,13680
thriller,MOVIE,2019,NC-17,1,13680
family,MOVIE,2019,G,3,13667
war,SHOW,2017,TV-MA,5,13589
drama,SHOW,2015,TV-G,2,13566
comedy,MOVIE,2020,G,5,13533
european,MOVIE,2010,,1,13446
history,MOVIE,2010,,1,13446
family,SHOW,1995,TV-PG,1,13361
fantasy,SHOW,1995,TV-PG,1,13361
horror,SHOW,1995,TV-PG,1,13361
music,SHOW,1995,TV-PG,1,13361
scifi,SHOW,1995,TV-PG,1,13361
thriller,SHOW,1995,TV-PG,1,13361
documentation,SHOW,2019,,6,13347
animation,MOVIE,2019,G,2,13324
fantasy,MOVIE,2019,G,2,13324
action,MOVIE,2005,,2,13272
crime,MOVIE,2005,,2,13272
scifi,MOVIE,2019,G,1,13267
animation,SHOW,2017,TV-14,6,13258
animation,SHOW,2011,TV-MA,2,13245
sport,MOVIE,2005,PG,1,13034
music,SHOW,2019,TV-MA,5,12983
fantasy,MOVIE,2022,R,2,12971
sport,MOVIE,2015,PG-13,1,12886
documentation,MOVIE,2015,PG-13,2,12868
drama,SHOW,2011,TV-PG,2,12824
romance,SHOW,2011,TV-PG,2,12824
action,MOVIE,2012,,7,12790
horror,SHOW,2011,TV-14,1,12741
animation,MOVIE,2017,PG,6,12704
animation,SHOW,2011,TV-PG,1,12682
fantasy,SHOW,2011,TV-MA,1,12568
drama,SHOW,2017,,11,12545
thriller,MOVIE,2008,,5,12542
comedy,SHOW,1994,TV-PG,1,12535
drama,SHOW,1994,TV-PG,1,12535
family,SHOW,1994,TV-PG,1,12535
comedy,SHOW,2016,,5,12522
western,MOVIE,2017,,3,12491
reality,SHOW,2021,TV-MA,16,12443
european,MOVIE,2015,PG-13,1,12395
family,SHOW,2012,TV-14,1,12363
action,MOVIE,2012,NC-17,1,12278
animation,MOVIE,2012,NC-17,1,12278
drama,MOVIE,2012,NC-17,1,12278
fantasy,MOVIE,2012,NC-17,1,12278
horror,MOVIE,2012,NC-17,1,12278
war,MOVIE,2012,NC-17,1,12278
war,MOVIE,2014,,2,12276
animation,MOVIE,2022,R,1,12270
history,SHOW,2018,TV-14,4,12212
drama,SHOW,2016,,6,12206
sport,MOVIE,2020,PG-13,2,12203
crime,SHOW,2020,TV-14,5,12200
drama,MOVIE,2020,G,2,12183
thriller,SHOW,2019,,11,12083
music,SHOW,2018,TV-14,5,12043
war,MOVIE,2002,,2,11974
music,MOVIE,2015,R,1,11963
music,MOVIE,2013,,2,11954
comedy,SHOW,2021,TV-Y7,10,11953
comedy,MOVIE,2002,,2,11907
documentation,MOVIE,2015,PG,2,11828
family,MOVIE,2018,PG-13,1,11785
drama,MOVIE,2004,,5,11706
animation,SHOW,2020,TV-PG,3,11701
reality,SHOW,2019,TV-PG,8,11608
fantasy,SHOW,2015,TV-G,2,11606
scifi,SHOW,2015,TV-G,2,11606
comedy,MOVIE,2008,PG,3,11511
history,MOVIE,1993,PG-13,1,11506
western,MOVIE,1993,PG-13,1,11506
animation,SHOW,2021,TV-Y7,9,11474
family,SHOW,2021,TV-Y7,9,11474
reality,SHOW,2020,TV-14,7,11427
crime,MOVIE,1980,R,1,11329
western,MOVIE,1980,R,1,11329
action,MOVIE,2008,NC-17,1,11241
crime,MOVIE,2008,NC-17,1,11241
drama,MOVIE,2008,NC-17,1,11241
thriller,MOVIE,2008,NC-17,1,11241
animation,SHOW,2018,TV-PG,5,11205
reality,SHOW,2018,TV-MA,11,11201
european,MOVIE,2007,,4,11194
romance,MOVIE,2012,PG,2,11113
crime,MOVIE,2013,PG-13,1,11059
sport,MOVIE,2013,PG,2,11053
crime,SHOW,2020,,5,10998
sport,MOVIE,2018,,7,10848
scifi,MOVIE,2016,PG,1,10764
action,SHOW,2021,TV-Y7,7,10740
fantasy,SHOW,2021,TV-Y7,7,10740
crime,MOVIE,2021,PG,1,10714
sport,MOVIE,2014,PG-13,1,10656
fantasy,SHOW,2018,TV-PG,3,10648
romance,MOVIE,1999,,3,10630
history,MOVIE,2021,R,2,10581
animation,SHOW,2020,TV-14,8,10554
comedy,MOVIE,2006,G,1,10528
drama,MOVIE,2006,G,1,10528
romance,MOVIE,2006,G,1,10528
action,SHOW,2007,TV-PG,1,10523
animation,SHOW,2007,TV-PG,1,10523
comedy,SHOW,2007,TV-PG,1,10523
reality,SHOW,2007,TV-PG,1,10523
documentation,MOVIE,2012,,3,10495
history,SHOW,2020,TV-PG,2,10477
romance,MOVIE,2010,R,1,10415
war,MOVIE,2019,PG-13,1,10357
comedy,SHOW,2013,,2,10340
fantasy,SHOW,2020,TV-G,2,10334
drama,SHOW,2013,,1,10329
romance,SHOW,2013,,1,10329
animation,MOVIE,2012,R,1,10257
fantasy,MOVIE,2012,R,1,10257
horror,MOVIE,2012,R,1,10257
family,MOVIE,2006,,2,10175
history,MOVIE,2007,PG-13,1,10139
romance,SHOW,2015,TV-Y7,1,10102
action,MOVIE,2017,PG,1,10092
comedy,SHOW,2015,TV-Y7,5,10075
documentation,MOVIE,2018,PG-13,3,10053
animation,SHOW,2019,TV-Y7,7,9996
music,SHOW,2020,TV-G,3,9971
family,SHOW,1992,TV-G,1,9955
action,MOVIE,2013,NC-17,1,9942
animation,MOVIE,2013,NC-17,1,9942
drama,MOVIE,2013,NC-17,1,9942
fantasy,MOVIE,2013,NC-17,1,9942
horror,MOVIE,2013,NC-17,1,9942
romance,MOVIE,2013,NC-17,1,9942
documentation,SHOW,2019,TV-PG,4,9922
war,SHOW,2019,,2,9709
animation,SHOW,1994,TV-Y,1,9708
comedy,SHOW,1994,TV-Y,1,9708
family,SHOW,1994,TV-Y,1,9708
fantasy,SHOW,1994,TV-Y,1,9708
scifi,SHOW,1994,TV-Y,1,9708
action,MOVIE,2022,R,2,9689
european,SHOW,2010,TV-PG,1,9564
reality,SHOW,2010,TV-PG,1,9564
romance,MOVIE,2013,PG,1,9535
documentation,MOVIE,2019,PG-13,4,9532
documentation,SHOW,2020,TV-G,1,9461
scifi,SHOW,2020,TV-G,1,9461
romance,SHOW,2016,TV-PG,3,9454
action,SHOW,2013,TV-G,3,9452
music,SHOW,2022,TV-MA,3,9419
family,SHOW,2018,TV-14,2,9402
comedy,SHOW,2002,TV-14,2,9366
war,SHOW,2021,TV-14,2,9285
family,SHOW,2019,TV-Y7,5,9276
scifi,SHOW,2013,TV-G,2,9264
comedy,MOVIE,1994,PG,1,9208
history,MOVIE,2013,,2,9198
crime,MOVIE,2018,PG,2,9197
comedy,MOVIE,2018,NC-17,1,9139
drama,MOVIE,2018,NC-17,1,9139
romance,MOVIE,2018,NC-17,1,9139
action,SHOW,2019,TV-Y7,6,9131
crime,MOVIE,1990,,2,9102
thriller,MOVIE,2004,,4,9070
thriller,SHOW,2011,TV-14,1,9055
history,SHOW,2019,TV-PG,2,9023
sport,MOVIE,2018,PG-13,4,9013
crime,SHOW,2019,,8,9011
animation,MOVIE,2009,PG-13,2,9008
european,MOVIE,2018,PG,5,8981
action,MOVIE,1990,,1,8902
sport,MOVIE,2021,PG,3,8833
romance,MOVIE,2005,,2,8797
thriller,MOVIE,2007,,2,8771
european,SHOW,2012,TV-MA,1,8718
documentation,SHOW,2021,,6,8596
action,MOVIE,2004,PG-13,2,8585
animation,MOVIE,2004,PG-13,2,8585
fantasy,MOVIE,2004,PG-13,2,8585
fantasy,MOVIE,2019,PG,3,8539
animation,MOVIE,2005,,1,8536
comedy,SHOW,2014,TV-G,5,8529
western,MOVIE,2020,R,1,8517
family,SHOW,2014,TV-G,4,8507
action,MOVIE,2004,,3,8472
comedy,MOVIE,2014,G,3,8463
drama,MOVIE,1999,G,1,8454
family,MOVIE,1999,G,1,8454
fantasy,MOVIE,1999,G,1,8454
romance,MOVIE,1999,G,1,8454
reality,SHOW,2020,TV-PG,4,8451
war,MOVIE,1998,PG-13,2,8422
crime,SHOW,2018,TV-PG,2,8407
drama,MOVIE,1981,R,1,8374
romance,MOVIE,1981,R,1,8374
animation,MOVIE,2014,G,3,8368
family,MOVIE,2014,G,2,8345
fantasy,MOVIE,2014,G,2,8345
crime,SHOW,2016,,1,8343
thriller,SHOW,2016,,1,8343
crime,MOVIE,2002,,1,8309
thriller,MOVIE,2002,,1,8309
documentation,SHOW,2018,TV-PG,5,8297
war,MOVIE,2021,,1,8270
romance,MOVIE,2011,PG,1,8222
music,MOVIE,2019,PG-13,3,8176
comedy,SHOW,2005,TV-Y7,1,8172
drama,SHOW,2005,TV-Y7,1,8172
western,SHOW,2017,TV-MA,2,8138
reality,SHOW,2021,TV-PG,13,8091
sport,SHOW,2012,TV-14,1,8052
sport,MOVIE,2016,,3,8050
romance,MOVIE,2010,G,2,8028
reality,SHOW,2019,,7,8000
sport,MOVIE,2019,PG-13,3,7890
crime,MOVIE,2008,PG,1,7884
documentation,MOVIE,2013,R,1,7873
scifi,SHOW,2015,TV-Y7,3,7854
family,SHOW,2015,TV-G,5,7833
war,SHOW,2016,TV-MA,1,7831
animation,MOVIE,2008,PG-13,3,7813
fantasy,MOVIE,2008,PG-13,3,7813
drama,MOVIE,2014,G,1,7812
scifi,MOVIE,2014,G,1,7812
thriller,SHOW,2021,TV-14,4,7786
comedy,MOVIE,2011,G,1,7686
drama,MOVIE,2011,G,1,7686
family,MOVIE,2011,G,1,7686
documentation,MOVIE,2008,R,1,7585
horror,MOVIE,2008,R,1,7585
history,SHOW,2022,TV-14,2,7582
comedy,SHOW,2020,,8,7558
action,MOVIE,1998,PG,1,7557
crime,MOVIE,1998,PG,1,7557
thriller,MOVIE,1998,PG,1,7557
drama,MOVIE,2000,PG-13,1,7556
romance,MOVIE,2000,PG-13,1,7556
european,SHOW,2002,TV-14,1,7539
family,SHOW,2016,TV-14,3,7522
family,MOVIE,2010,G,2,7430
fantasy,SHOW,2020,TV-PG,1,7376
action,SHOW,2019,,7,7366
comedy,SHOW,2018,,9,7358
family,MOVIE,2012,G,2,7347
romance,MOVIE,2010,,4,7261
romance,MOVIE,2014,R,1,7179
drama,MOVIE,2010,G,2,7134
european,SHOW,2017,TV-14,4,7126
crime,SHOW,2014,TV-MA,3,7010
animation,MOVIE,2012,PG-13,1,7002
scifi,MOVIE,2022,R,1,6986
comedy,SHOW,2019,TV-Y7,7,6982
scifi,MOVIE,2016,,4,6962
family,MOVIE,2016,,5,6946
documentation,SHOW,2021,TV-PG,7,6914
music,MOVIE,2013,PG-13,1,6898
european,SHOW,2012,TV-14,2,6864
romance,SHOW,2012,TV-14,2,6858
animation,SHOW,2004,TV-G,2,6820
european,SHOW,2004,TV-G,2,6820
family,SHOW,2004,TV-G,2,6820
crime,SHOW,2022,TV-14,2,6817
action,SHOW,2018,,7,6795
sport,SHOW,2016,TV-MA,1,6789
comedy,SHOW,2016,TV-PG,6,6756
reality,SHOW,2016,TV-14,3,6753
drama,MOVIE,1998,,3,6721
action,SHOW,2004,TV-G,1,6700
comedy,SHOW,2004,TV-G,1,6700
fantasy,SHOW,2004,TV-G,1,6700
thriller,SHOW,2004,TV-G,1,6700
animation,SHOW,2020,TV-Y7,6,6687
family,SHOW,2020,,2,6650
comedy,SHOW,2020,TV-Y7,4,6609
family,SHOW,2020,TV-Y7,4,6609
romance,MOVIE,1998,,2,6592
romance,SHOW,2015,TV-14,2,6585
family,MOVIE,2013,PG-13,3,6585
fantasy,SHOW,2013,TV-G,3,6583
family,SHOW,2015,TV-14,1,6557
documentation,MOVIE,2014,R,2,6551
scifi,SHOW,2019,,9,6517
action,SHOW,2010,TV-Y7,1,6500
thriller,MOVIE,1994,,1,6465
thriller,SHOW,2018,,4,6465
action,SHOW,2022,TV-Y7,4,6436
animation,SHOW,2022,TV-Y7,4,6436
comedy,SHOW,2022,TV-Y7,4,6436
family,SHOW,2022,TV-Y7,4,6436
fantasy,SHOW,2022,TV-Y7,4,6436
crime,MOVIE,2011,PG,3,6415
drama,MOVIE,1999,,2,6400
music,MOVIE,2018,PG-13,2,6358
crime,MOVIE,2005,PG,1,6313
thriller,MOVIE,2005,PG,1,6313
family,SHOW,2018,TV-G,3,6307
fantasy,SHOW,2018,TV-G,3,6307
comedy,SHOW,2018,TV-G,4,6290
comedy,MOVIE,1985,,1,6285
reality,SHOW,2022,TV-MA,7,6272
family,SHOW,2017,TV-Y7,8,6224
comedy,MOVIE,1992,G,1,6199
crime,MOVIE,1992,G,1,6199
drama,MOVIE,1992,G,1,6199
fantasy,MOVIE,1992,G,1,6199
animation,MOVIE,2021,R,1,6165
war,MOVIE,2021,R,1,6165
drama,SHOW,2015,TV-Y7,1,6161
romance,MOVIE,2004,,3,6155
thriller,SHOW,2019,TV-Y7,2,6142
family,MOVIE,2018,G,6,6126
animation,SHOW,2016,TV-MA,1,6121
european,MOVIE,2018,G,2,6078
war,MOVIE,2007,,2,6071
war,MOVIE,2020,PG,1,6052
documentation,MOVIE,2006,,3,6032
horror,MOVIE,2013,,3,6022
european,SHOW,2014,TV-14,1,6018
animation,MOVIE,2010,PG-13,2,5983
fantasy,MOVIE,2010,PG-13,2,5983
scifi,SHOW,2021,TV-Y7,5,5950
comedy,MOVIE,1999,R,1,5943
animation,MOVIE,2020,G,8,5926
romance,SHOW,2013,TV-G,2,5852
documentation,MOVIE,1998,G,1,5834
action,SHOW,2020,TV-Y7,3,5830
sport,SHOW,2021,TV-MA,3,5824
drama,SHOW,2019,TV-Y7,4,5810
action,MOVIE,2020,NC-17,1,5809
fantasy,MOVIE,2020,NC-17,1,5809
scifi,MOVIE,2020,NC-17,1,5809
thriller,MOVIE,2020,NC-17,1,5809
scifi,SHOW,2020,,4,5784
fantasy,SHOW,2020,TV-Y7,2,5765
scifi,SHOW,2020,TV-Y7,2,5765
thriller,MOVIE,2016,PG,2,5731
drama,SHOW,2021,TV-Y7,4,5704
music,MOVIE,2017,PG,3,5676
action,SHOW,2014,TV-G,2,5656
drama,SHOW,2020,TV-PG,2,5645
animation,MOVIE,2007,PG-13,2,5627
comedy,MOVIE,1990,,2,5626
drama,MOVIE,1993,,5,5623
comedy,MOVIE,2008,G,1,5588
drama,MOVIE,2008,G,1,5588
romance,MOVIE,2008,G,1,5588
crime,SHOW,2019,TV-Y7,1,5557
thriller,SHOW,2021,,3,5529
crime,MOVIE,2016,PG,1,5501
romance,MOVIE,2022,PG-13,2,5461
horror,SHOW,2017,TV-14,2,5446
documentation,SHOW,2017,TV-G,2,5442
reality,MOVIE,2018,,2,5423
crime,SHOW,2017,,3,5418
sport,MOVIE,2012,G,1,5411
comedy,SHOW,2010,,2,5408
horror,MOVIE,2005,,1,5309
scifi,MOVIE,2005,,1,5309
family,MOVIE,2005,,2,5287
music,SHOW,2020,TV-MA,4,5279
romance,MOVIE,1990,,1,5273
scifi,SHOW,2014,TV-G,1,5245
romance,SHOW,2019,TV-Y7,3,5225
Missing Genre,SHOW,2018,TV-MA,1,5194
action,SHOW,2008,TV-14,1,5172
fantasy,SHOW,2008,TV-14,1,5172
horror,SHOW,2008,TV-14,1,5172
scifi,SHOW,2008,TV-14,1,5172
scifi,SHOW,2018,TV-G,3,5164
animation,MOVIE,2021,G,6,5156
family,SHOW,2019,TV-14,3,5152
documentation,MOVIE,1979,R,1,5141
war,SHOW,2018,TV-14,2,5134
sport,MOVIE,2017,PG-13,1,5122
romance,SHOW,2020,,6,5118
romance,MOVIE,2003,,2,5112
action,SHOW,2003,TV-G,1,5109
animation,SHOW,2003,TV-G,1,5109
comedy,SHOW,2003,TV-G,1,5109
family,SHOW,2003,TV-G,1,5109
fantasy,SHOW,2003,TV-G,1,5109
romance,SHOW,2003,TV-G,1,5109
scifi,SHOW,2003,TV-G,1,5109
thriller,SHOW,2003,TV-G,1,5109
animation,MOVIE,2022,PG-13,2,5105
music,MOVIE,2014,,2,5082
documentation,SHOW,2017,,7,5082
sport,MOVIE,2021,PG-13,2,5075
fantasy,SHOW,2017,TV-Y7,7,5074
scifi,SHOW,2016,,2,5073
animation,MOVIE,2011,PG-13,1,5021
crime,MOVIE,2013,PG,1,5019
thriller,MOVIE,2013,PG,1,5019
music,SHOW,2020,TV-PG,3,4986
horror,SHOW,2016,,1,4985
animation,MOVIE,2018,,6,4976
action,SHOW,1984,TV-Y,1,4948
animation,SHOW,1984,TV-Y,1,4948
comedy,SHOW,1984,TV-Y,1,4948
drama,SHOW,1984,TV-Y,1,4948
family,SHOW,1984,TV-Y,1,4948
fantasy,SHOW,1984,TV-Y,1,4948
music,SHOW,1984,TV-Y,1,4948
sport,MOVIE,2019,PG,3,4945
action,SHOW,1998,TV-Y7,1,4936
animation,SHOW,1998,TV-Y7,1,4936
comedy,SHOW,1998,TV-Y7,1,4936
drama,SHOW,1998,TV-Y7,1,4936
family,SHOW,1998,TV-Y7,1,4936
fantasy,SHOW,1998,TV-Y7,1,4936
romance,SHOW,1998,TV-Y7,1,4936
scifi,SHOW,1998,TV-Y7,1,4936
family,MOVIE,2022,PG-13,1,4932
horror,MOVIE,2022,PG-13,1,4932
history,SHOW,2012,TV-14,1,4923
thriller,SHOW,2012,TV-14,1,4923
family,MOVIE,2021,G,4,4898
comedy,MOVIE,2021,G,3,4874
comedy,MOVIE,2017,G,3,4863
romance,MOVIE,2017,G,3,4863
action,SHOW,2018,TV-G,2,4784
drama,SHOW,2010,,1,4764
animation,SHOW,2022,TV-MA,1,4761
fantasy,SHOW,2021,,3,4758
reality,SHOW,2020,,10,4747
horror,SHOW,2021,TV-14,3,4745
comedy,MOVIE,1995,G,2,4734
comedy,MOVIE,1998,,3,4724
reality,SHOW,2015,TV-MA,2,4634
animation,SHOW,2017,TV-Y7,11,4627
crime,MOVIE,1993,,3,4625
reality,SHOW,2021,TV-14,9,4616
war,MOVIE,2005,,3,4591
action,SHOW,2003,TV-Y7,1,4577
animation,SHOW,2003,TV-Y7,1,4577
comedy,SHOW,2003,TV-Y7,1,4577
drama,SHOW,2003,TV-Y7,1,4577
family,SHOW,2003,TV-Y7,1,4577
fantasy,SHOW,2003,TV-Y7,1,4577
scifi,SHOW,2003,TV-Y7,1,4577
thriller,SHOW,2003,TV-Y7,1,4577
thriller,MOVIE,2014,PG,2,4540
scifi,SHOW,2017,TV-Y7,7,4524
european,SHOW,2012,TV-Y7,1,4519
fantasy,SHOW,2019,,4,4511
documentation,MOVIE,2017,G,2,4508
family,SHOW,2019,,5,4490
family,MOVIE,2014,,4,4489
european,MOVIE,2017,G,1,4483
comedy,SHOW,2000,TV-PG,1,4482
drama,SHOW,2000,TV-PG,1,4482
animation,SHOW,2019,TV-14,4,4480
romance,MOVIE,2012,,2,4478
comedy,SHOW,2017,TV-Y7,10,4464
history,MOVIE,2021,PG,1,4458
thriller,MOVIE,2021,PG,1,4458
animation,SHOW,2013,TV-Y,4,4439
animation,MOVIE,2019,PG-13,3,4436
comedy,SHOW,2020,TV-PG,4,4434
animation,SHOW,2018,TV-G,2,4393
comedy,MOVIE,1958,,1,4385
crime,MOVIE,1958,,1,4385
drama,MOVIE,1958,,1,4385
action,SHOW,2011,TV-PG,1,4367
comedy,SHOW,2011,TV-PG,1,4367
horror,SHOW,2011,TV-PG,1,4367
scifi,SHOW,2011,TV-PG,1,4367
family,SHOW,2013,TV-Y,3,4335
fantasy,SHOW,2013,TV-Y,3,4335
documentation,MOVIE,2009,R,1,4333
family,MOVIE,2014,PG-13,1,4315
documentation,SHOW,2018,,5,4314
fantasy,SHOW,2020,,4,4309
sport,MOVIE,2018,R,1,4303
music,SHOW,2018,TV-MA,3,4300
crime,MOVIE,2019,PG,1,4298
thriller,MOVIE,2019,PG,1,4298
animation,MOVIE,2005,PG-13,1,4297
romance,SHOW,2018,TV-PG,4,4295
animation,MOVIE,2018,R,1,4263
documentation,MOVIE,2019,R,1,4256
action,MOVIE,2018,NC-17,1,4252
crime,MOVIE,2018,NC-17,1,4252
thriller,MOVIE,2018,NC-17,1,4252
documentation,MOVIE,1998,PG-13,1,4247
action,MOVIE,1999,,1,4230
comedy,MOVIE,1999,,1,4230
fantasy,MOVIE,1999,,1,4230
scifi,SHOW,2021,,2,4226
comedy,SHOW,2013,TV-PG,2,4209
animation,SHOW,2009,TV-Y,2,4197
comedy,SHOW,2009,TV-Y,2,4197
family,SHOW,2009,TV-Y,2,4197
action,SHOW,1999,TV-Y7,1,4185
animation,SHOW,1999,TV-Y7,1,4185
comedy,SHOW,1999,TV-Y7,1,4185
european,SHOW,1999,TV-Y7,1,4185
family,SHOW,1999,TV-Y7,1,4185
european,MOVIE,1998,PG-13,1,4175
action,MOVIE,2000,,1,4168
crime,MOVIE,2000,,1,4168
drama,MOVIE,2000,,1,4168
romance,MOVIE,2000,,1,4168
comedy,SHOW,2002,,1,4168
family,MOVIE,2019,PG-13,2,4160
sport,MOVIE,2018,PG,1,4159
horror,MOVIE,2018,PG,1,4158
action,MOVIE,1995,,2,4149
reality,SHOW,2012,TV-14,2,4138
documentation,MOVIE,2017,PG-13,2,4097
drama,MOVIE,1982,,5,4075
thriller,SHOW,2020,,3,4040
documentation,MOVIE,2006,PG-13,1,3984
animation,MOVIE,2006,PG-13,1,3975
sport,MOVIE,2014,R,1,3953
sport,SHOW,2022,TV-MA,3,3927
family,SHOW,2019,TV-MA,1,3907
crime,MOVIE,1995,,1,3901
fantasy,SHOW,2012,TV-14,1,3899
comedy,SHOW,2009,TV-MA,2,3850
crime,MOVIE,2018,PG-13,2,3827
music,SHOW,2018,,3,3823
fantasy,MOVIE,2004,,1,3813
animation,SHOW,1993,TV-Y7,1,3808
comedy,SHOW,1993,TV-Y7,1,3808
western,SHOW,1993,TV-Y7,1,3808
fantasy,MOVIE,2016,,4,3804
family,SHOW,2018,TV-MA,2,3723
animation,SHOW,2009,TV-G,2,3721
european,SHOW,2009,TV-G,2,3721
comedy,SHOW,1996,TV-PG,1,3713
drama,SHOW,1996,TV-PG,1,3713
family,SHOW,1996,TV-PG,1,3713
european,MOVIE,2008,,2,3706
war,SHOW,2018,,2,3674
thriller,MOVIE,2020,PG,1,3641
western,MOVIE,2018,PG,1,3634
fantasy,MOVIE,2013,PG-13,1,3634
fantasy,MOVIE,2014,,2,3628
documentation,MOVIE,2008,PG-13,2,3623
animation,SHOW,2019,,7,3611
romance,MOVIE,2002,,1,3598
action,MOVIE,2018,G,1,3574
scifi,MOVIE,2018,G,1,3574
drama,MOVIE,1988,,5,3568
animation,SHOW,2013,TV-Y7,3,3567
comedy,SHOW,2013,TV-Y7,3,3567
family,SHOW,2013,TV-Y7,3,3567
reality,SHOW,2020,TV-G,6,3545
action,SHOW,2017,TV-Y7,7,3545
reality,SHOW,2015,TV-PG,1,3538
crime,SHOW,2018,,5,3529
drama,MOVIE,2019,G,4,3519
reality,SHOW,2022,TV-14,2,3517
animation,SHOW,1981,TV-Y,1,3514
comedy,SHOW,1981,TV-Y,1,3514
european,SHOW,1981,TV-Y,1,3514
family,SHOW,1981,TV-Y,1,3514
scifi,SHOW,1981,TV-Y,1,3514
sport,SHOW,2019,TV-14,1,3491
documentation,MOVIE,2009,,2,3428
fantasy,SHOW,2019,TV-Y7,3,3425
comedy,MOVIE,1993,,2,3405
music,MOVIE,2012,,1,3398
scifi,MOVIE,2012,,1,3398
european,SHOW,2017,TV-G,1,3380
reality,SHOW,2018,,4,3339
drama,SHOW,2022,TV-PG,3,3316
music,SHOW,2021,TV-PG,1,3301
history,MOVIE,2016,PG-13,1,3281
reality,SHOW,1998,TV-14,1,3274
crime,SHOW,2015,,2,3267
animation,MOVIE,2014,,3,3266
fantasy,MOVIE,2010,G,1,3264
horror,MOVIE,2010,G,1,3264
comedy,SHOW,2022,TV-PG,2,3235
european,MOVIE,2005,,1,3210
romance,SHOW,2022,TV-PG,3,3210
drama,MOVIE,1979,,3,3187
action,MOVIE,1991,G,1,3178
scifi,MOVIE,1991,G,1,3178
action,MOVIE,2015,PG,1,3170
family,SHOW,1983,TV-G,1,3126
action,SHOW,2009,TV-Y,1,3114
comedy,SHOW,1994,TV-MA,1,3106
drama,SHOW,1994,TV-MA,1,3106
romance,SHOW,1994,TV-MA,1,3106
reality,SHOW,2014,TV-PG,2,3101
sport,MOVIE,2007,PG,2,3096
documentation,MOVIE,1993,,1,3085
action,MOVIE,1995,G,1,3056
drama,MOVIE,1995,G,1,3056
romance,MOVIE,1995,G,1,3056
reality,SHOW,2005,TV-14,1,3046
war,MOVIE,2020,PG-13,1,3032
thriller,SHOW,2017,TV-PG,2,3027
action,MOVIE,1998,,1,3025
thriller,MOVIE,1998,,1,3025
reality,SHOW,2017,TV-PG,2,3024
animation,SHOW,2016,TV-PG,3,2969
music,MOVIE,2010,G,1,2968
fantasy,SHOW,2018,,3,2885
comedy,MOVIE,2009,G,2,2870
drama,MOVIE,2009,G,2,2870
family,SHOW,1989,TV-PG,1,2866
drama,MOVIE,1996,G,1,2837
romance,MOVIE,1996,G,1,2837
comedy,MOVIE,1997,,1,2825
history,MOVIE,1997,,1,2825
romance,MOVIE,1997,,1,2825
documentation,SHOW,2021,TV-G,3,2809
drama,SHOW,2015,,1,2688
thriller,SHOW,2015,,1,2688
comedy,SHOW,2022,TV-14,4,2673
fantasy,SHOW,2017,TV-PG,2,2637
animation,SHOW,2017,TV-Y,7,2621
animation,MOVIE,2015,,4,2618
action,SHOW,2008,TV-MA,2,2611
action,MOVIE,2020,G,1,2609
crime,MOVIE,2004,,1,2608
comedy,SHOW,2001,TV-14,2,2606
horror,MOVIE,2017,PG-13,1,2592
animation,MOVIE,2001,PG-13,1,2570
fantasy,MOVIE,2001,PG-13,1,2570
action,SHOW,2009,TV-14,3,2537
documentation,MOVIE,2016,PG-13,1,2519
horror,SHOW,2003,TV-14,1,2512
scifi,SHOW,2003,TV-14,1,2512
music,SHOW,2015,TV-14,2,2497
action,MOVIE,1963,,1,2470
drama,MOVIE,1963,,1,2470
history,MOVIE,1963,,1,2470
romance,MOVIE,1963,,1,2470
war,MOVIE,1963,,1,2470
action,MOVIE,2022,PG,1,2468
animation,MOVIE,2022,PG,1,2468
drama,MOVIE,2022,PG,1,2468
fantasy,MOVIE,2022,PG,1,2468
romance,MOVIE,2022,PG,1,2468
scifi,MOVIE,2022,PG,1,2468
thriller,MOVIE,2022,PG,1,2468
reality,SHOW,2014,TV-14,1,2450
documentation,SHOW,2018,TV-G,2,2450
sport,SHOW,2018,TV-G,2,2450
family,SHOW,2017,TV-Y,7,2443
family,MOVIE,2017,G,4,2440
animation,SHOW,2018,TV-Y,16,2418
documentation,MOVIE,1977,PG,1,2416
european,MOVIE,1977,PG,1,2416
history,MOVIE,1977,PG,1,2416
romance,MOVIE,2021,G,1,2393
horror,SHOW,2018,TV-PG,1,2391
european,SHOW,2017,TV-Y7,1,2375
documentation,MOVIE,2011,,2,2369
action,SHOW,2017,TV-G,2,2369
comedy,SHOW,2017,TV-G,2,2369
comedy,SHOW,1999,TV-PG,1,2346
reality,SHOW,2016,TV-PG,3,2332
crime,SHOW,2000,TV-MA,1,2326
drama,SHOW,2000,TV-MA,1,2326
european,SHOW,2017,,2,2326
comedy,MOVIE,1996,PG,1,2322
drama,MOVIE,1996,PG,1,2322
romance,MOVIE,1996,PG,1,2322
family,SHOW,2017,TV-14,2,2322
european,MOVIE,2011,PG,1,2316
thriller,MOVIE,2011,PG,1,2316
thriller,SHOW,2017,,1,2311
action,SHOW,2008,,3,2299
history,SHOW,2015,TV-14,3,2269
animation,SHOW,2016,TV-Y,8,2219
thriller,MOVIE,2010,,2,2218
action,MOVIE,2003,PG-13,1,2206
animation,MOVIE,2003,PG-13,1,2206
thriller,MOVIE,2003,PG-13,1,2206
action,MOVIE,2001,,1,2196
fantasy,MOVIE,2001,,1,2196
animation,SHOW,2015,TV-Y,7,2193
comedy,MOVIE,2015,G,2,2188
romance,MOVIE,1993,PG-13,1,2177
thriller,MOVIE,1993,PG-13,1,2177
family,SHOW,2016,TV-Y,7,2170
thriller,SHOW,2019,TV-PG,1,2151
comedy,SHOW,1972,TV-MA,1,2144
war,MOVIE,1988,,2,2143
reality,SHOW,2020,TV-Y7,1,2135
animation,MOVIE,2021,PG-13,2,2131
action,MOVIE,2002,PG-13,1,2127
animation,MOVIE,2002,PG-13,1,2127
comedy,MOVIE,2002,PG-13,1,2127
fantasy,MOVIE,2002,PG-13,1,2127
romance,MOVIE,2002,PG-13,1,2127
drama,SHOW,2017,TV-Y7,3,2125
crime,MOVIE,2022,PG-13,1,2122
family,SHOW,2022,TV-MA,1,2122
family,SHOW,2014,TV-14,1,2115
sport,SHOW,2015,TV-G,1,2114
family,SHOW,2015,TV-Y,6,2111
drama,SHOW,2009,TV-MA,1,2110
music,SHOW,2019,TV-14,1,2107
history,MOVIE,2015,R,1,2089
romance,MOVIE,2019,G,2,2089
documentation,MOVIE,2021,PG,3,2083
fantasy,SHOW,2022,TV-14,3,2082
fantasy,MOVIE,2005,,1,2077
reality,SHOW,2018,TV-G,1,2061
family,SHOW,2018,TV-Y,11,2057
sport,MOVIE,2019,R,1,2012
action,SHOW,2014,TV-Y7,1,2008
animation,SHOW,2014,TV-Y7,1,2008
comedy,SHOW,2014,TV-Y7,1,2008
family,SHOW,2014,TV-Y7,1,2008
fantasy,SHOW,2014,TV-Y7,1,2008
european,SHOW,2014,TV-PG,2,2005
animation,SHOW,2021,TV-G,2,1985
music,SHOW,2019,TV-PG,1,1979
war,MOVIE,2022,PG-13,1,1972
history,MOVIE,2014,,1,1967
history,SHOW,2018,,3,1961
animation,SHOW,2013,TV-14,2,1960
reality,SHOW,2009,TV-14,1,1951
documentation,MOVIE,2014,PG,1,1950
music,MOVIE,2012,G,1,1936
reality,SHOW,2017,,5,1926
comedy,SHOW,2012,TV-Y,2,1922
family,SHOW,2021,TV-Y,8,1913
animation,SHOW,2015,TV-14,1,1911
animation,SHOW,2012,TV-Y,3,1911
documentation,SHOW,2015,,1,1905
family,SHOW,2012,TV-Y,2,1895
action,MOVIE,2021,G,1,1893
fantasy,MOVIE,2021,G,1,1893
music,MOVIE,2021,G,1,1893
thriller,MOVIE,2021,G,1,1893
fantasy,SHOW,2017,TV-Y,3,1893
history,MOVIE,2020,PG,1,1867
animation,SHOW,2008,TV-MA,1,1856
fantasy,SHOW,2008,TV-MA,1,1856
horror,SHOW,2017,TV-PG,1,1826
scifi,SHOW,2017,TV-PG,1,1826
european,SHOW,2013,TV-Y7,1,1802
european,MOVIE,2021,,1,1789
comedy,SHOW,2015,TV-Y,4,1782
music,SHOW,2021,TV-MA,2,1778
animation,SHOW,2010,TV-Y,3,1777
comedy,SHOW,2010,TV-Y,3,1777
drama,MOVIE,2017,G,2,1766
action,SHOW,2013,TV-Y7,2,1765
drama,SHOW,2013,TV-Y7,2,1765
fantasy,SHOW,2013,TV-Y7,2,1765
animation,SHOW,1987,TV-Y,1,1759
comedy,SHOW,1987,TV-Y,1,1759
crime,SHOW,1987,TV-Y,1,1759
european,SHOW,1987,TV-Y,1,1759
family,SHOW,1987,TV-Y,1,1759
european,SHOW,2019,TV-MA,1,1741
action,MOVIE,1988,,2,1741
documentation,SHOW,2009,TV-MA,1,1740
documentation,SHOW,2012,TV-14,2,1726
comedy,SHOW,1998,TV-MA,1,1703
animation,SHOW,2021,TV-Y,9,1703
western,SHOW,2015,TV-Y7,1,1696
drama,MOVIE,1989,,3,1688
romance,SHOW,2013,TV-MA,1,1681
documentation,SHOW,2017,TV-PG,3,1671
animation,MOVIE,1988,,1,1649
scifi,MOVIE,1988,,1,1649
reality,SHOW,2015,TV-14,1,1624
documentation,MOVIE,2017,PG,2,1622
comedy,SHOW,2017,TV-Y,5,1622
drama,SHOW,2015,TV-PG,3,1618
music,SHOW,2020,,2,1601
comedy,SHOW,2016,TV-Y,4,1596
romance,MOVIE,2018,G,1,1564
music,MOVIE,1993,R,1,1564
romance,MOVIE,1993,R,1,1564
animation,SHOW,2015,TV-G,2,1560
european,SHOW,2015,TV-G,2,1560
sport,MOVIE,2017,PG,1,1545
family,SHOW,2019,TV-Y,8,1538
comedy,MOVIE,1989,,1,1522
family,MOVIE,2011,,2,1522
fantasy,MOVIE,2013,G,3,1508
european,SHOW,2017,TV-PG,2,1476
action,SHOW,2008,TV-Y7,1,1469
animation,SHOW,2008,TV-Y7,1,1469
drama,SHOW,2008,TV-Y7,1,1469
european,SHOW,2008,TV-Y7,1,1469
family,SHOW,2008,TV-Y7,1,1469
fantasy,SHOW,2008,TV-Y7,1,1469
scifi,SHOW,2008,TV-Y7,1,1469
sport,MOVIE,2020,PG,1,1463
comedy,SHOW,2021,TV-Y,7,1458
documentation,SHOW,2016,,3,1456
romance,SHOW,2018,,3,1456
romance,MOVIE,1982,,1,1449
comedy,MOVIE,2013,G,1,1444
family,MOVIE,2013,G,1,1444
animation,MOVIE,2016,,3,1439
comedy,SHOW,2018,TV-Y,6,1435
drama,SHOW,2008,,1,1422
horror,SHOW,2019,,2,1421
comedy,SHOW,2013,TV-Y,2,1420
reality,SHOW,2022,TV-PG,3,1416
comedy,SHOW,2021,TV-G,3,1394
scifi,SHOW,2018,,3,1367
history,SHOW,2021,,1,1362
war,SHOW,2021,,1,1362
war,MOVIE,1982,,2,1359
family,MOVIE,2013,,2,1318
european,SHOW,2015,TV-Y,3,1307
european,SHOW,2016,TV-Y7,2,1294
war,SHOW,2010,TV-14,1,1291
horror,MOVIE,2014,,1,1285
reality,SHOW,2016,,2,1278
reality,MOVIE,2019,,1,1268
family,SHOW,2018,,4,1264
drama,MOVIE,2015,G,1,1248
romance,MOVIE,2015,G,1,1248
documentation,SHOW,2022,TV-14,3,1245
action,MOVIE,1981,,1,1242
animation,MOVIE,1981,,1,1242
drama,MOVIE,1981,,1,1242
scifi,MOVIE,1981,,1,1242
war,MOVIE,1981,,1,1242
music,MOVIE,2019,PG,1,1231
fantasy,SHOW,2009,TV-G,1,1222
crime,MOVIE,1954,,1,1219
drama,MOVIE,1954,,1,1219
drama,MOVIE,1991,,5,1218
action,SHOW,2015,TV-G,1,1214
animation,MOVIE,2022,,2,1214
comedy,MOVIE,1997,G,1,1212
drama,MOVIE,1997,G,1,1212
romance,MOVIE,1997,G,1,1212
action,MOVIE,1982,,1,1210
animation,MOVIE,1982,,1,1210
scifi,MOVIE,1982,,1,1210
family,SHOW,2010,TV-Y,2,1205
crime,SHOW,2017,TV-PG,1,1201
romance,SHOW,2017,TV-PG,1,1201
drama,SHOW,2018,TV-G,1,1189
family,SHOW,2021,TV-G,2,1162
documentation,MOVIE,2018,NC-17,1,1160
documentation,MOVIE,1998,,2,1157
horror,MOVIE,2004,,1,1153
romance,SHOW,2013,TV-14,1,1152
documentation,MOVIE,2001,,2,1137
action,MOVIE,1993,,2,1135
music,SHOW,2013,TV-Y7,1,1130
romance,SHOW,2013,TV-Y7,1,1130
music,MOVIE,2006,,1,1120
documentation,MOVIE,1968,,1,1117
fantasy,MOVIE,1982,,1,1113
reality,SHOW,2001,TV-14,1,1104
action,SHOW,2022,TV-14,2,1100
european,MOVIE,2013,,2,1097
thriller,MOVIE,2018,PG,2,1087
european,SHOW,2009,TV-Y,1,1083
fantasy,SHOW,2009,TV-Y,1,1083
music,SHOW,2022,TV-14,2,1076
fantasy,SHOW,2021,TV-Y,3,1076
animation,SHOW,2015,,3,1069
action,SHOW,2010,TV-Y,1,1049
drama,SHOW,2006,TV-MA,1,1034
documentation,SHOW,2015,TV-PG,1,1031
european,SHOW,2015,TV-PG,1,1031
history,SHOW,2015,TV-PG,1,1031
sport,MOVIE,2011,,1,1018
comedy,SHOW,2015,,2,1012
family,SHOW,2015,,2,1012
scifi,SHOW,2015,,2,1012
european,MOVIE,2012,,1,1003
family,MOVIE,2008,,1,1000
reality,SHOW,2021,,4,998
documentation,SHOW,2017,TV-Y7,1,993
western,SHOW,2017,TV-Y7,1,993
family,MOVIE,2015,G,2,988
european,MOVIE,1999,,1,987
animation,SHOW,2019,TV-Y,6,987
documentation,MOVIE,2010,,2,986
fantasy,MOVIE,2020,G,1,983
scifi,MOVIE,2020,G,1,983
animation,SHOW,2018,,3,983
action,SHOW,2019,TV-G,1,979
comedy,SHOW,2019,TV-G,1,979
family,SHOW,2019,TV-G,1,979
thriller,MOVIE,2009,,2,976
music,MOVIE,2017,PG-13,1,950
comedy,MOVIE,1979,,1,943
european,MOVIE,2022,,1,938
documentation,MOVIE,2016,G,1,934
family,MOVIE,2016,G,1,934
reality,MOVIE,2021,,1,928
animation,SHOW,2006,,1,912
comedy,SHOW,2006,,1,912
european,SHOW,2006,,1,912
family,SHOW,2006,,1,912
fantasy,SHOW,2006,,1,912
music,SHOW,2006,,1,912
horror,MOVIE,2003,,1,909
thriller,MOVIE,2003,,1,909
reality,SHOW,2017,TV-14,1,895
sport,SHOW,2017,TV-14,1,895
scifi,SHOW,2019,TV-Y7,3,892
european,MOVIE,2021,R,1,889
reality,SHOW,2013,TV-PG,1,886
action,MOVIE,2019,G,1,880
thriller,MOVIE,2019,G,1,880
history,SHOW,2019,TV-14,1,880
animation,SHOW,2008,,2,877
comedy,SHOW,2008,,2,877
action,SHOW,2020,TV-G,1,873
animation,SHOW,2007,TV-Y7,1,863
comedy,SHOW,2007,TV-Y7,1,863
drama,SHOW,2007,TV-Y7,1,863
scifi,SHOW,2007,TV-Y7,1,863
thriller,SHOW,2017,TV-Y7,1,862
comedy,SHOW,2013,TV-14,2,862
history,SHOW,2017,TV-PG,1,852
animation,SHOW,2007,,2,838
family,SHOW,2014,,2,832
fantasy,MOVIE,2015,,1,825
drama,SHOW,2021,TV-G,1,824
sport,SHOW,2019,TV-PG,2,820
romance,SHOW,2021,TV-PG,3,811
sport,SHOW,2013,TV-14,1,808
action,SHOW,2013,TV-Y,1,800
european,SHOW,2013,TV-Y,1,800
romance,SHOW,2018,TV-G,1,798
thriller,MOVIE,1993,,1,784
documentation,MOVIE,2005,,1,778
documentation,SHOW,2014,,2,769
crime,MOVIE,1976,,1,768
drama,MOVIE,1976,,1,768
western,MOVIE,2018,,2,759
fantasy,SHOW,2018,TV-Y,4,753
sport,MOVIE,2022,,1,749
history,MOVIE,2017,PG,1,736
action,SHOW,2007,,1,720
family,SHOW,2007,,1,720
scifi,SHOW,2007,,1,720
western,SHOW,2007,,1,720
drama,MOVIE,1996,,1,718
animation,SHOW,2014,TV-G,2,711
scifi,SHOW,2015,TV-Y,2,709
music,SHOW,2018,TV-G,1,708
crime,MOVIE,1991,,2,706
action,SHOW,2010,,2,701
animation,SHOW,2010,,2,701
horror,SHOW,2017,TV-Y7,1,694
action,MOVIE,2007,,1,686
western,MOVIE,2021,,1,681
european,MOVIE,1993,,1,678
horror,MOVIE,2009,,1,674
music,SHOW,2021,TV-Y7,1,674
comedy,SHOW,2019,TV-Y,3,672
fantasy,SHOW,2019,TV-Y,3,672
animation,SHOW,2020,TV-Y,8,672
documentation,MOVIE,2007,,2,658
fantasy,SHOW,2016,TV-Y,3,657
european,SHOW,2010,,1,644
family,SHOW,2010,,1,644
fantasy,SHOW,2010,,1,644
romance,SHOW,2010,,1,644
fantasy,MOVIE,2011,,2,642
scifi,SHOW,2013,TV-Y7,1,635
scifi,SHOW,2013,TV-Y,1,620
animation,SHOW,2011,TV-G,2,619
action,SHOW,2015,TV-Y,1,614
documentation,SHOW,2009,TV-14,1,603
european,SHOW,2009,TV-14,1,603
history,SHOW,2009,TV-14,1,603
war,SHOW,2009,TV-14,1,603
action,SHOW,2013,TV-PG,1,593
animation,SHOW,2013,TV-PG,1,593
family,SHOW,2013,TV-PG,1,593
scifi,SHOW,2013,TV-PG,1,593
sport,SHOW,2013,TV-PG,1,593
action,MOVIE,1956,,1,590
drama,MOVIE,1956,,1,590
romance,MOVIE,1956,,1,590
thriller,MOVIE,1956,,1,590
documentation,MOVIE,1994,,1,589
comedy,SHOW,2011,TV-G,1,582
drama,SHOW,2011,TV-G,1,582
family,SHOW,2011,TV-G,1,582
horror,SHOW,2011,TV-G,1,582
thriller,SHOW,2011,TV-G,1,582
fantasy,SHOW,2022,TV-PG,2,581
action,SHOW,2015,,1,579
european,SHOW,2015,,1,579
fantasy,SHOW,2015,,1,579
european,SHOW,2010,TV-Y,1,572
action,MOVIE,1979,,1,555
family,MOVIE,1979,,1,555
fantasy,MOVIE,1979,,1,555
romance,MOVIE,1979,,1,555
european,SHOW,2018,,1,551
thriller,SHOW,2022,TV-14,1,542
family,SHOW,2020,TV-Y,6,541
action,MOVIE,1984,,2,538
drama,MOVIE,1984,,2,538
sport,MOVIE,2018,G,1,537
romance,MOVIE,2016,PG,2,527
comedy,SHOW,2020,TV-Y,5,523
drama,SHOW,2021,TV-Y,1,509
music,SHOW,2021,TV-Y,1,509
animation,MOVIE,2011,,1,504
family,SHOW,2022,TV-PG,1,500
scifi,SHOW,2022,TV-PG,1,500
animation,SHOW,2022,TV-14,1,497
scifi,SHOW,2022,TV-14,1,497
sport,SHOW,2017,TV-Y7,1,489
thriller,SHOW,2021,TV-Y7,1,479
crime,MOVIE,1988,,2,472
thriller,MOVIE,1988,,2,472
animation,SHOW,2016,,3,464
comedy,SHOW,2008,TV-G,1,461
drama,SHOW,2008,TV-G,1,461
romance,SHOW,2008,TV-G,1,461
reality,SHOW,2013,TV-14,1,459
action,SHOW,2018,TV-Y,3,455
music,MOVIE,2020,G,1,442
fantasy,MOVIE,2017,G,1,440
comedy,SHOW,2006,TV-PG,1,437
history,SHOW,2015,,1,433
reality,SHOW,2021,TV-G,1,433
drama,MOVIE,1987,,2,425
comedy,SHOW,2014,TV-PG,1,424
romance,SHOW,2014,TV-PG,1,424
action,SHOW,2019,TV-Y,2,423
drama,SHOW,2015,TV-Y,2,416
documentation,SHOW,2018,TV-Y7,1,415
comedy,MOVIE,1972,R,1,411
documentation,MOVIE,1972,R,1,411
music,MOVIE,1972,R,1,411
drama,SHOW,2014,TV-G,1,411
european,SHOW,2014,TV-G,1,411
fantasy,SHOW,2014,TV-G,1,411
horror,SHOW,2017,TV-Y,1,411
fantasy,MOVIE,2013,,1,407
scifi,MOVIE,2011,PG,1,407
crime,MOVIE,2009,G,1,406
drama,MOVIE,1986,,3,396
animation,SHOW,2014,,1,390
comedy,SHOW,2014,,1,390
romance,MOVIE,2008,PG,1,388
documentation,SHOW,2016,TV-PG,2,387
family,SHOW,2016,TV-PG,2,383
fantasy,SHOW,2016,TV-PG,2,383
history,MOVIE,2012,,1,376
scifi,MOVIE,2017,PG,1,376
fantasy,SHOW,2016,,2,376
documentation,MOVIE,2004,,1,373
romance,SHOW,2018,TV-Y7,1,372
european,MOVIE,1991,,1,365
war,MOVIE,1991,,1,365
european,MOVIE,2014,R,1,365
documentation,MOVIE,1990,,1,353
sport,SHOW,2018,,1,350
documentation,MOVIE,2008,,2,347
drama,SHOW,2001,TV-14,2,345
music,MOVIE,2007,,1,344
scifi,SHOW,2018,TV-Y,2,344
family,SHOW,2017,,2,343
thriller,MOVIE,1991,,1,341
fantasy,SHOW,2021,TV-G,1,338
scifi,SHOW,2021,TV-G,1,338
animation,SHOW,2010,TV-PG,1,330
comedy,SHOW,2010,TV-PG,1,330
family,SHOW,2010,TV-PG,1,330
fantasy,SHOW,2010,TV-PG,1,330
horror,SHOW,2010,TV-PG,1,330
music,SHOW,2010,TV-PG,1,330
scifi,SHOW,2010,TV-PG,1,330
history,SHOW,2014,,1,327
romance,MOVIE,1993,,1,320
family,MOVIE,2018,R,1,320
family,SHOW,2015,TV-MA,1,314
music,MOVIE,2022,,1,313
animation,MOVIE,2008,G,1,310
fantasy,MOVIE,2008,G,1,310
animation,SHOW,2017,TV-G,1,307
scifi,SHOW,2017,TV-G,1,307
fantasy,MOVIE,2018,G,2,307
sport,MOVIE,2015,,2,306
scifi,SHOW,2019,TV-Y,1,304
action,MOVIE,2009,,1,302
crime,MOVIE,2009,,1,302
crime,SHOW,2009,TV-14,1,302
sport,SHOW,2009,TV-14,1,302
music,SHOW,2014,TV-G,1,300
Missing Genre,SHOW,2011,TV-PG,1,300
romance,MOVIE,1984,,1,297
music,SHOW,2018,TV-Y,1,292
comedy,MOVIE,1962,,1,285
drama,MOVIE,1962,,1,285
romance,MOVIE,1962,,1,285
music,SHOW,2018,TV-Y7,1,283
comedy,MOVIE,1991,,1,272
documentation,MOVIE,1991,,1,272
music,MOVIE,1991,,1,272
family,SHOW,2022,TV-Y,4,265
animation,SHOW,2013,,1,264
action,MOVIE,1991,,2,264
action,SHOW,2016,,1,254
drama,SHOW,2012,,1,250
sport,MOVIE,2016,R,1,250
sport,MOVIE,1991,,1,248
romance,SHOW,2017,,1,244
horror,MOVIE,2009,PG-13,1,243
comedy,MOVIE,1974,,1,236
drama,MOVIE,1974,,1,236
romance,MOVIE,1974,,1,236
animation,SHOW,2011,TV-Y,3,235
family,SHOW,2011,TV-Y,3,235
Missing Genre,SHOW,2018,TV-G,1,233
crime,MOVIE,1953,,1,231
drama,MOVIE,1953,,1,231
history,MOVIE,1953,,1,231
thriller,MOVIE,1953,,1,231
romance,SHOW,2019,TV-PG,2,231
comedy,MOVIE,2011,NC-17,1,230
documentation,MOVIE,2011,NC-17,1,230
crime,SHOW,2010,TV-MA,1,228
war,SHOW,2010,TV-MA,1,228
fantasy,MOVIE,1966,,1,225
music,SHOW,2016,TV-14,1,210
family,SHOW,2016,,2,210
crime,MOVIE,1986,,1,209
scifi,SHOW,2022,TV-Y7,2,208
documentation,SHOW,2002,TV-G,1,206
comedy,SHOW,2007,TV-MA,1,203
documentation,MOVIE,1991,PG,1,195
comedy,SHOW,2002,TV-MA,1,190
drama,SHOW,2002,TV-MA,1,190
romance,SHOW,2002,TV-MA,1,190
action,MOVIE,1989,,1,188
crime,MOVIE,1989,,1,188
animation,SHOW,2013,TV-G,1,188
action,MOVIE,1986,,2,187
romance,SHOW,2015,TV-PG,1,185
fantasy,SHOW,2015,TV-Y,1,182
romance,SHOW,2015,TV-Y,1,182
animation,SHOW,2022,TV-G,1,176
family,SHOW,2022,TV-G,1,176
fantasy,SHOW,2022,TV-G,1,176
music,MOVIE,2022,PG-13,1,173
action,SHOW,1997,TV-Y7,1,172
animation,SHOW,1997,TV-Y7,1,172
comedy,SHOW,1997,TV-Y7,1,172
family,SHOW,1997,TV-Y7,1,172
fantasy,SHOW,1997,TV-Y7,1,172
scifi,SHOW,1997,TV-Y7,1,172
music,SHOW,2021,,2,172
romance,MOVIE,1969,,1,168
animation,MOVIE,2018,G,2,167
documentation,MOVIE,1993,PG-13,1,166
comedy,MOVIE,2000,,1,161
documentation,MOVIE,2000,,1,161
animation,SHOW,2021,,3,160
family,SHOW,2021,,3,160
animation,SHOW,2019,TV-G,1,159
animation,MOVIE,2016,G,1,157
comedy,MOVIE,2016,G,1,157
sport,MOVIE,2016,PG-13,1,157
sport,SHOW,2019,,1,156
action,SHOW,2022,TV-Y,3,155
animation,SHOW,2022,TV-Y,3,155
comedy,MOVIE,1982,,1,154
music,MOVIE,2021,PG,1,154
european,MOVIE,1982,,1,149
scifi,MOVIE,2017,G,1,144
action,MOVIE,1994,,1,142
crime,MOVIE,1994,,1,142
history,SHOW,2011,TV-PG,1,142
comedy,SHOW,2011,TV-Y,2,141
drama,MOVIE,1971,,1,137
comedy,SHOW,2022,TV-Y,2,134
fantasy,SHOW,2022,TV-Y,2,134
scifi,SHOW,2022,TV-Y,2,134
documentation,MOVIE,2021,G,1,132
family,MOVIE,1998,,1,129
music,MOVIE,1998,,1,129
war,MOVIE,2011,,1,129
comedy,SHOW,2005,TV-14,1,128
family,SHOW,2012,TV-G,1,125
fantasy,SHOW,2011,TV-Y,1,125
thriller,MOVIE,1986,,1,122
animation,MOVIE,2012,G,4,120
music,SHOW,2017,TV-Y,2,119
animation,MOVIE,2011,G,2,117
drama,SHOW,2012,TV-Y,1,116
comedy,MOVIE,1996,,1,115
documentation,MOVIE,1996,,1,115
thriller,SHOW,2018,TV-Y,1,111
drama,SHOW,2022,TV-Y,1,110
music,SHOW,2022,TV-Y,1,110
animation,SHOW,2012,,1,108
music,SHOW,2017,TV-14,1,108
romance,SHOW,2020,TV-PG,1,107
drama,MOVIE,1975,,1,106
animation,SHOW,2005,TV-PG,1,96
comedy,SHOW,2005,TV-PG,1,96
family,SHOW,2005,TV-PG,1,96
music,SHOW,2011,TV-Y,1,94
animation,SHOW,2005,TV-G,1,93
comedy,SHOW,2005,TV-G,1,93
european,SHOW,2005,TV-G,1,93
family,SHOW,2005,TV-G,1,93
animation,MOVIE,2013,G,5,92
family,MOVIE,2003,,1,83
crime,MOVIE,1960,,1,82
drama,MOVIE,1960,,1,82
thriller,MOVIE,1960,,1,82
documentation,MOVIE,2019,G,1,81
music,MOVIE,2019,G,1,81
crime,MOVIE,1959,,1,78
drama,MOVIE,1959,,1,78
romance,MOVIE,1959,,1,78
comedy,SHOW,2012,TV-PG,1,76
documentation,MOVIE,1980,,1,75
documentation,MOVIE,1999,,1,74
history,MOVIE,1999,,1,74
european,MOVIE,2001,,1,73
horror,SHOW,2016,TV-PG,1,71
family,MOVIE,1983,,1,70
romance,MOVIE,1983,,1,70
reality,MOVIE,2021,PG-13,1,69
action,MOVIE,1987,,1,68
comedy,MOVIE,1987,,1,68
family,MOVIE,1987,,1,68
animation,SHOW,2014,TV-Y,1,65
family,SHOW,2014,TV-Y,1,65
scifi,MOVIE,2006,PG-13,1,61
fantasy,SHOW,2020,TV-Y,1,61
animation,SHOW,2017,,2,61
western,MOVIE,2020,,1,60
documentation,SHOW,2005,TV-14,1,60
european,SHOW,2005,TV-14,1,60
animation,SHOW,2020,,2,59
family,SHOW,2008,,1,55
history,MOVIE,2001,,1,54
horror,MOVIE,2020,G,1,52
documentation,MOVIE,2014,PG-13,1,51
reality,MOVIE,2015,G,1,48
comedy,SHOW,2007,,1,47
drama,SHOW,2007,,1,47
romance,SHOW,2007,,1,47
family,MOVIE,2010,,1,46
documentation,MOVIE,1979,,1,43
reality,SHOW,2011,TV-PG,1,42
documentation,SHOW,2019,TV-Y7,1,42
music,SHOW,2019,TV-Y7,1,42
crime,MOVIE,1973,,1,41
drama,MOVIE,1973,,1,41
thriller,MOVIE,1973,,1,41
romance,SHOW,2003,TV-14,1,39
Missing Genre,SHOW,1993,TV-G,1,39
drama,SHOW,2022,,1,38
action,SHOW,2021,TV-Y,1,38
european,SHOW,2011,TV-G,1,37
action,MOVIE,1978,,1,35
drama,MOVIE,1978,,1,35
romance,MOVIE,1978,,1,35
animation,MOVIE,2010,G,1,35
family,SHOW,2022,,1,31
sport,SHOW,2022,,1,31
reality,SHOW,2012,TV-PG,1,31
animation,SHOW,2014,TV-PG,1,30
action,SHOW,2017,,1,29
reality,SHOW,2011,TV-14,1,28
drama,SHOW,2002,TV-PG,1,27
action,MOVIE,1980,,1,25
comedy,MOVIE,1980,,1,25
crime,MOVIE,1980,,1,25
drama,MOVIE,1980,,1,25
romance,MOVIE,1980,,1,25
thriller,SHOW,2010,TV-14,1,25
animation,SHOW,2007,TV-G,1,25
european,SHOW,2007,TV-G,1,25
reality,SHOW,2022,,1,24
documentation,SHOW,2014,TV-G,1,22
reality,SHOW,2014,TV-G,1,22
reality,MOVIE,2013,,1,21
animation,SHOW,2009,TV-PG,1,19
documentation,MOVIE,2020,G,1,18
animation,MOVIE,2012,,1,16
action,SHOW,2011,TV-Y,1,16
european,SHOW,2012,TV-Y,1,16
music,SHOW,2017,,1,15
romance,MOVIE,1976,,1,14
animation,MOVIE,2013,,1,14
drama,SHOW,2014,,1,14
thriller,SHOW,2014,,1,14
action,MOVIE,2012,G,1,14
animation,SHOW,2003,TV-Y,1,13
family,SHOW,2003,TV-Y,1,13
animation,SHOW,2008,TV-Y,1,11
Missing Genre,SHOW,2018,TV-PG,1,7
comedy,SHOW,1988,TV-PG,1,6
action,MOVIE,2011,G,1,5
fantasy,MOVIE,2011,G,1,5
