_genre,type,release_year,total_media,imdb_vote
drama,MOVIE,2017,185,4604712
drama,MOVIE,2012,36,4270737
action,MOVIE,2010,12,3863628
drama,MOVIE,2019,258,3565304
thriller,MOVIE,2017,79,3476166
drama,MOVIE,2010,35,3279579
drama,MOVIE,2018,231,3143279
thriller,MOVIE,2010,12,3030148
drama,MOVIE,2016,116,3002307
thriller,MOVIE,2019,109,2986652
drama,SHOW,2017,95,2855251
drama,MOVIE,2021,220,2772195
drama,MOVIE,2020,221,2730649
drama,MOVIE,2015,79,2673972
drama,SHOW,2016,90,2609212
drama,SHOW,2019,166,2574487
drama,MOVIE,2013,54,2519343
drama,MOVIE,2011,39,2459892
comedy,MOVIE,2019,204,2353839
drama,MOVIE,2014,48,2337591
thriller,SHOW,2017,35,2314732
action,MOVIE,2017,55,2287497
thriller,MOVIE,2011,22,2272635
music,MOVIE,2010,2,2271256
scifi,MOVIE,2010,1,2268288
crime,MOVIE,2019,58,2267474
drama,SHOW,2018,138,2223436
drama,SHOW,2013,25,2170155
comedy,MOVIE,2011,32,2136308
drama,MOVIE,1994,8,2129173
romance,MOVIE,1994,6,2128033
action,MOVIE,2011,19,2124657
crime,SHOW,2017,42,2118006
thriller,MOVIE,2015,31,2081590
comedy,MOVIE,2010,27,2054530
thriller,MOVIE,2012,17,2043497
comedy,MOVIE,1994,4,2043017
drama,SHOW,2015,54,2020843
drama,MOVIE,2003,15,2016874
thriller,MOVIE,2014,28,2007246
drama,SHOW,2021,141,1995297
drama,MOVIE,2007,27,1970950
thriller,MOVIE,2018,106,1954313
drama,SHOW,2020,139,1919315
scifi,SHOW,2016,26,1884805
drama,SHOW,2008,12,1852958
thriller,MOVIE,2020,96,1841612
drama,MOVIE,1998,11,1790663
thriller,MOVIE,2016,59,1778174
thriller,SHOW,2008,5,1749989
crime,SHOW,2008,3,1730305
comedy,MOVIE,2021,160,1728383
crime,MOVIE,2017,57,1724466
thriller,MOVIE,2021,101,1722201
fantasy,SHOW,2016,28,1698047
thriller,MOVIE,1997,9,1661291
romance,MOVIE,2011,16,1614427
action,MOVIE,2019,62,1573311
drama,MOVIE,2009,28,1550672
action,MOVIE,2008,17,1548229
thriller,MOVIE,2006,12,1535021
thriller,MOVIE,2008,16,1534147
action,MOVIE,2021,71,1529310
thriller,MOVIE,2013,23,1528445
comedy,MOVIE,2018,200,1526829
drama,SHOW,2014,25,1512114
western,MOVIE,2012,1,1472668
action,MOVIE,2009,11,1458400
action,MOVIE,2016,42,1451942
drama,MOVIE,2008,30,1442242
comedy,MOVIE,2012,40,1434611
comedy,MOVIE,2017,178,1430058
thriller,SHOW,2018,56,1416359
crime,MOVIE,2021,73,1412496
war,MOVIE,1998,3,1354442
thriller,SHOW,2016,23,1354071
thriller,MOVIE,2007,14,1347080
comedy,MOVIE,2020,185,1342724
scifi,SHOW,2019,54,1338871
action,MOVIE,2012,22,1338010
thriller,MOVIE,2009,12,1320542
fantasy,MOVIE,2011,14,1293446
drama,MOVIE,1997,9,1289332
comedy,MOVIE,2014,53,1285355
crime,MOVIE,2015,16,1272992
comedy,SHOW,2019,97,1261895
european,MOVIE,2017,59,1243658
action,MOVIE,2003,7,1241831
drama,SHOW,2010,13,1237849
comedy,SHOW,2015,44,1235698
action,SHOW,2021,58,1234839
comedy,MOVIE,2016,94,1228168
crime,MOVIE,2020,52,1214378
scifi,MOVIE,2017,24,1213836
crime,MOVIE,2012,13,1212506
action,MOVIE,2020,79,1190605
scifi,MOVIE,2021,28,1172436
romance,MOVIE,2019,87,1166616
action,SHOW,2019,59,1159726
romance,MOVIE,2012,10,1141271
fantasy,MOVIE,2010,7,1132149
romance,MOVIE,2003,7,1118598
action,MOVIE,2007,11,1110231
fantasy,SHOW,2019,43,1100272
scifi,MOVIE,2012,6,1094103
crime,SHOW,2015,14,1092061
thriller,MOVIE,2003,7,1068279
scifi,SHOW,2014,10,1054790
horror,MOVIE,2013,12,1050620
scifi,SHOW,2018,57,1043045
crime,SHOW,2013,4,1040982
horror,SHOW,2016,8,1036669
action,SHOW,2014,17,1036240
crime,MOVIE,2011,11,1029215
family,MOVIE,2010,8,1027582
war,MOVIE,2017,12,1023048
animation,MOVIE,2010,8,1022984
drama,MOVIE,2006,20,1009994
scifi,MOVIE,2018,27,1007964
romance,MOVIE,2013,24,1001586
romance,MOVIE,2018,78,997920
crime,MOVIE,2014,16,997885
action,MOVIE,2014,22,988643
scifi,SHOW,2010,6,987802
crime,MOVIE,2009,8,981146
action,MOVIE,2013,19,979515
drama,MOVIE,2005,16,975148
history,MOVIE,2017,20,972172
crime,MOVIE,2016,33,971119
action,SHOW,2010,10,968774
crime,SHOW,2018,54,962573
drama,SHOW,2011,17,957239
thriller,SHOW,2015,17,951852
thriller,SHOW,2021,53,949248
horror,SHOW,2019,24,948795
horror,SHOW,2010,3,945683
thriller,SHOW,2010,3,945378
fantasy,MOVIE,2014,13,930264
drama,SHOW,2005,5,919748
history,MOVIE,2019,27,911241
comedy,MOVIE,2009,20,907084
horror,MOVIE,2018,39,879034
comedy,MOVIE,2005,13,874436
fantasy,MOVIE,2005,7,870387
horror,MOVIE,2017,25,866259
action,MOVIE,2015,26,858328
comedy,MOVIE,2007,19,846274
action,MOVIE,2018,57,845901
action,MOVIE,2006,6,834962
action,SHOW,2018,67,825765
european,MOVIE,2006,4,821178
romance,MOVIE,2007,15,815981
comedy,SHOW,2017,79,815755
crime,MOVIE,1976,2,795990
drama,MOVIE,1976,2,795990
scifi,MOVIE,2013,4,786372
comedy,MOVIE,2003,9,784765
european,MOVIE,2018,86,781332
european,MOVIE,2013,10,763773
war,MOVIE,2014,3,760930
comedy,MOVIE,2006,20,757302
action,MOVIE,1998,6,754054
scifi,MOVIE,2019,28,750557
family,MOVIE,2005,5,749339
scifi,SHOW,2021,44,742062
scifi,MOVIE,1997,5,740954
scifi,SHOW,2005,3,734147
european,MOVIE,2019,51,729944
fantasy,SHOW,2005,2,725975
scifi,SHOW,2015,21,725335
drama,MOVIE,1987,3,723731
war,MOVIE,1987,1,723306
drama,MOVIE,1986,5,722842
drama,MOVIE,2001,10,710140
fantasy,MOVIE,2017,38,707252
horror,MOVIE,2019,31,702734
drama,SHOW,2012,15,700390
thriller,MOVIE,1998,8,700335
horror,MOVIE,2021,38,698006
fantasy,MOVIE,2009,5,696956
thriller,MOVIE,2005,7,696919
action,MOVIE,2005,7,694330
european,MOVIE,2010,4,693421
action,SHOW,2017,31,692295
scifi,MOVIE,2009,3,687948
thriller,SHOW,2020,49,681132
thriller,SHOW,2019,55,677496
crime,SHOW,2019,64,676628
comedy,SHOW,2018,97,676615
horror,MOVIE,1997,4,675338
fantasy,SHOW,2021,41,671897
comedy,MOVIE,2004,15,667430
horror,MOVIE,2016,16,667382
romance,MOVIE,2005,9,665528
romance,MOVIE,2021,82,664979
fantasy,MOVIE,2018,33,657518
comedy,MOVIE,2013,43,647917
crime,SHOW,2021,70,647536
romance,MOVIE,2020,73,645415
family,MOVIE,2014,14,641599
animation,MOVIE,2014,12,636084
action,SHOW,2012,8,630990
action,SHOW,2015,21,627702
western,MOVIE,2015,3,618111
thriller,MOVIE,2002,4,617981
thriller,SHOW,2005,2,617830
history,MOVIE,2008,4,612016
action,MOVIE,1997,6,610870
sport,MOVIE,2013,5,606133
scifi,MOVIE,2015,9,603979
horror,MOVIE,2015,11,602698
scifi,MOVIE,2014,10,600482
fantasy,MOVIE,2020,45,599807
scifi,SHOW,2012,7,596628
comedy,MOVIE,2015,68,587079
fantasy,MOVIE,2006,4,585394
comedy,SHOW,2011,14,579242
european,SHOW,2017,22,573029
fantasy,SHOW,2013,14,571503
thriller,SHOW,2011,6,562647
scifi,SHOW,2011,8,556764
horror,MOVIE,2002,2,556349
sport,SHOW,2020,9,554139
romance,MOVIE,2017,64,553658
war,MOVIE,2003,2,550163
european,MOVIE,2003,2,543216
european,SHOW,2011,3,538034
comedy,SHOW,2021,89,534893
crime,MOVIE,2018,50,531232
comedy,MOVIE,1975,1,530877
fantasy,MOVIE,1975,1,530877
romance,MOVIE,2015,34,529971
family,MOVIE,2007,4,525355
romance,MOVIE,2014,22,522662
scifi,SHOW,2013,10,522181
sport,MOVIE,2011,4,520446
european,SHOW,2013,4,520084
fantasy,MOVIE,2003,3,519680
scifi,SHOW,2020,56,519410
comedy,SHOW,2003,7,512978
comedy,MOVIE,2001,8,512100
fantasy,MOVIE,2016,19,509309
drama,MOVIE,2022,51,499578
crime,MOVIE,2010,9,498749
horror,SHOW,2013,3,496545
scifi,SHOW,2017,26,496503
crime,SHOW,2012,4,494197
romance,MOVIE,2008,10,491177
war,MOVIE,2009,2,489121
crime,SHOW,2016,18,488391
scifi,MOVIE,2005,3,482781
romance,MOVIE,1998,7,481380
horror,MOVIE,2020,36,475179
comedy,SHOW,2016,54,472077
romance,MOVIE,2009,13,471438
crime,MOVIE,2003,4,467437
comedy,MOVIE,1998,9,464494
european,MOVIE,2015,12,462282
drama,SHOW,2006,8,458999
scifi,MOVIE,1998,2,458903
fantasy,MOVIE,2007,5,457837
comedy,SHOW,2020,77,453071
european,MOVIE,2011,6,450188
romance,SHOW,2020,35,444563
crime,SHOW,2020,48,436748
romance,MOVIE,2006,9,432439
fantasy,MOVIE,2021,41,432143
drama,MOVIE,2002,6,431719
romance,SHOW,2017,21,430858
history,MOVIE,2003,1,429097
comedy,MOVIE,1979,4,428780
horror,SHOW,2005,1,428639
european,MOVIE,2008,5,425520
action,MOVIE,1995,7,420256
horror,MOVIE,2011,7,414268
action,MOVIE,1993,6,413671
thriller,MOVIE,1995,4,413051
documentation,SHOW,2020,62,412972
animation,MOVIE,2016,14,408276
fantasy,SHOW,2018,45,406573
crime,SHOW,2014,7,405953
horror,SHOW,2018,16,404671
action,MOVIE,2000,3,404498
family,MOVIE,2011,10,404428
drama,MOVIE,2004,11,404176
action,SHOW,2016,29,403520
crime,MOVIE,2002,3,403520
thriller,SHOW,2014,5,401388
fantasy,MOVIE,2015,9,397443
scifi,MOVIE,2003,1,393998
horror,MOVIE,1973,1,391942
fantasy,MOVIE,2012,6,391736
romance,MOVIE,2004,8,389753
family,MOVIE,2016,22,388908
fantasy,SHOW,2020,31,388490
comedy,MOVIE,2008,24,387931
european,MOVIE,2005,5,386805
romance,MOVIE,2016,30,383720
comedy,SHOW,2013,19,382767
scifi,SHOW,2006,3,379296
crime,MOVIE,2008,11,378828
drama,MOVIE,1999,8,378534
animation,SHOW,2006,4,375189
documentation,MOVIE,2020,87,372794
european,MOVIE,2009,2,370441
action,SHOW,2020,40,369549
crime,MOVIE,1997,2,364698
thriller,SHOW,2006,2,364514
war,MOVIE,2012,3,363203
crime,MOVIE,2005,6,362872
documentation,MOVIE,2002,3,362465
sport,MOVIE,2009,3,362111
european,MOVIE,2016,43,357756
action,SHOW,2013,10,353044
romance,MOVIE,2010,15,351472
history,MOVIE,2012,3,351301
documentation,MOVIE,2017,85,350232
animation,SHOW,2013,14,349764
comedy,MOVIE,2022,51,348948
romance,SHOW,2018,36,347078
animation,MOVIE,2011,9,343132
drama,MOVIE,1984,3,342873
crime,MOVIE,1984,1,342335
european,MOVIE,1984,1,342335
european,MOVIE,2002,1,341888
action,MOVIE,2002,6,341803
crime,MOVIE,2013,16,340900
horror,MOVIE,1998,2,340450
comedy,SHOW,1989,3,340420
crime,MOVIE,2006,7,340079
animation,SHOW,2019,44,335882
family,MOVIE,2006,5,335526
western,MOVIE,2010,1,333378
horror,MOVIE,2006,4,332351
action,MOVIE,1986,3,329843
crime,MOVIE,2001,3,327171
drama,SHOW,2009,7,325230
romance,SHOW,2009,4,324781
fantasy,MOVIE,2008,6,323846
comedy,SHOW,2014,19,323114
drama,SHOW,2022,54,319159
fantasy,SHOW,2006,3,317841
romance,SHOW,2011,8,317649
fantasy,SHOW,2009,3,313081
thriller,SHOW,2009,2,312727
animation,SHOW,2021,50,312706
horror,SHOW,2009,1,310776
scifi,SHOW,2009,1,310776
fantasy,SHOW,2015,12,308326
drama,MOVIE,2000,4,307387
scifi,MOVIE,2020,23,305980
animation,SHOW,2005,4,305697
family,SHOW,2005,4,305697
action,SHOW,2005,2,305508
european,SHOW,2016,15,302265
crime,SHOW,2006,1,302147
animation,MOVIE,2006,3,301529
scifi,MOVIE,2011,2,300481
crime,MOVIE,2007,11,300273
thriller,SHOW,2013,3,299475
history,MOVIE,2009,1,297525
european,MOVIE,2001,3,297409
romance,SHOW,2005,2,293746
thriller,MOVIE,1993,5,290478
family,MOVIE,2021,40,290435
comedy,SHOW,2009,12,290210
history,MOVIE,2020,16,288802
war,MOVIE,2016,8,288745
horror,MOVIE,2012,3,285533
comedy,SHOW,2006,6,284452
history,SHOW,2019,18,280378
action,MOVIE,2004,10,279974
animation,MOVIE,2005,3,277856
european,MOVIE,2007,7,277468
western,MOVIE,1995,2,275862
thriller,MOVIE,2004,8,275349
family,MOVIE,2017,31,272094
documentation,SHOW,2019,47,271719
fantasy,MOVIE,2002,3,270334
history,MOVIE,2000,1,270231
war,MOVIE,2000,1,270231
war,MOVIE,2008,3,268572
crime,MOVIE,2022,21,267179
romance,SHOW,2016,19,264531
horror,SHOW,2020,14,261360
horror,MOVIE,2003,3,259636
sport,MOVIE,2017,10,259419
documentation,MOVIE,2019,90,257313
documentation,MOVIE,2012,5,256503
documentation,MOVIE,2015,21,256281
drama,MOVIE,1993,11,255452
western,MOVIE,2017,5,254107
crime,MOVIE,1995,3,253666
crime,MOVIE,1998,4,251013
music,MOVIE,2020,32,250260
history,SHOW,2016,9,250003
animation,MOVIE,2021,39,248340
comedy,MOVIE,1993,6,246768
family,MOVIE,2019,38,246685
western,MOVIE,2016,2,243352
animation,SHOW,2018,67,243255
comedy,MOVIE,1996,5,242328
comedy,SHOW,2012,17,240840
comedy,MOVIE,2000,4,239474
scifi,MOVIE,2004,2,237007
animation,MOVIE,2009,3,235233
romance,SHOW,2014,11,234387
action,MOVIE,2022,16,233842
european,SHOW,2010,5,232047
history,SHOW,2020,13,232040
romance,MOVIE,2001,3,231038
horror,MOVIE,1984,1,230543
documentation,MOVIE,2006,6,230425
family,MOVIE,2009,1,226225
music,MOVIE,2018,26,226171
comedy,MOVIE,2002,7,225549
history,MOVIE,2018,12,224931
animation,MOVIE,2019,32,223618
animation,SHOW,2015,24,223265
fantasy,SHOW,2014,8,222784
horror,MOVIE,2010,3,222664
romance,SHOW,2010,3,222612
european,MOVIE,2020,25,221210
documentation,MOVIE,2011,8,220079
thriller,MOVIE,2022,22,218360
sport,MOVIE,1996,1,217534
western,MOVIE,2021,3,216717
documentation,MOVIE,2018,72,216582
horror,MOVIE,2014,7,216533
drama,MOVIE,1989,4,214601
scifi,MOVIE,2002,1,214461
thriller,MOVIE,2001,4,214437
comedy,MOVIE,1989,3,214435
romance,MOVIE,1989,1,212913
horror,MOVIE,2009,5,211021
war,MOVIE,2019,10,207421
european,SHOW,2015,18,203912
history,MOVIE,2006,2,201221
family,MOVIE,2020,59,200148
sport,SHOW,2018,9,195331
animation,SHOW,2014,12,194586
horror,SHOW,2015,4,193897
animation,SHOW,2012,12,193346
scifi,MOVIE,2022,7,192519
crime,MOVIE,2004,5,192507
sport,SHOW,2006,3,190380
family,MOVIE,2018,33,190339
music,MOVIE,2013,5,190334
crime,SHOW,2005,1,189191
sport,MOVIE,2016,6,188704
romance,SHOW,2019,43,188691
fantasy,MOVIE,2004,4,187608
family,SHOW,2018,40,186370
animation,MOVIE,2013,12,185708
family,MOVIE,2013,10,185007
fantasy,MOVIE,2019,31,184794
music,MOVIE,2006,2,183732
european,MOVIE,1995,1,183638
documentation,MOVIE,2021,75,182679
music,MOVIE,2016,9,182557
fantasy,MOVIE,1993,2,182418
european,MOVIE,1999,2,181519
western,MOVIE,1998,1,181306
scifi,MOVIE,2016,10,179889
war,SHOW,2015,6,178761
horror,SHOW,2021,11,177946
horror,MOVIE,2004,2,176363
thriller,SHOW,2022,20,172808
documentation,SHOW,2018,49,170884
documentation,SHOW,2021,65,170213
european,MOVIE,2014,10,170100
fantasy,SHOW,2012,5,169997
family,MOVIE,1993,3,169151
action,MOVIE,2001,5,168422
war,SHOW,2016,7,166784
crime,SHOW,2011,5,164276
horror,SHOW,2017,13,164031
crime,MOVIE,1993,5,163963
war,MOVIE,2020,10,163132
drama,MOVIE,1995,7,161827
animation,SHOW,2017,31,161138
family,MOVIE,2004,4,158792
european,SHOW,2018,5,158720
fantasy,MOVIE,2013,8,157699
sport,MOVIE,2005,2,156704
thriller,MOVIE,2000,2,155531
documentation,MOVIE,2016,36,154128
action,MOVIE,1971,1,153463
crime,MOVIE,1971,1,153463
thriller,MOVIE,1971,1,153463
thriller,SHOW,2003,4,153247
war,SHOW,2018,9,152899
drama,MOVIE,1990,5,152372
action,SHOW,2003,3,150735
european,SHOW,2006,2,148321
history,SHOW,2015,7,146479
western,MOVIE,2018,4,145921
drama,SHOW,2003,3,145665
horror,MOVIE,2007,2,144850
european,MOVIE,1998,3,144368
history,MOVIE,1997,2,144133
comedy,SHOW,1998,5,143688
drama,SHOW,1998,4,141985
scifi,SHOW,1998,4,141985
drama,SHOW,2000,4,141685
history,MOVIE,2021,17,141500
war,MOVIE,1997,1,141308
crime,SHOW,2003,1,141049
music,MOVIE,2019,31,139721
fantasy,SHOW,2017,27,139692
fantasy,SHOW,2011,7,139395
comedy,SHOW,2000,3,139359
animation,SHOW,2011,13,138890
family,MOVIE,2015,10,138846
action,SHOW,1998,3,138711
animation,SHOW,1998,3,138711
family,SHOW,2012,8,137669
european,MOVIE,1990,1,137549
documentation,SHOW,2015,11,136786
comedy,MOVIE,1991,6,135766
family,MOVIE,1991,2,135299
war,MOVIE,2018,5,135289
romance,SHOW,2021,37,134698
documentation,MOVIE,2013,19,132030
horror,MOVIE,2000,1,130099
scifi,MOVIE,2000,1,130099
animation,MOVIE,1993,1,128179
scifi,MOVIE,2001,2,127295
fantasy,MOVIE,2001,4,126969
family,SHOW,2017,23,125460
documentation,SHOW,2017,37,124696
action,SHOW,2011,8,122450
fantasy,MOVIE,1997,2,119699
comedy,SHOW,1999,3,119117
sport,MOVIE,1999,1,118479
sport,MOVIE,2021,19,118475
history,MOVIE,2010,2,117119
romance,MOVIE,1995,6,116862
action,SHOW,1999,2,116771
animation,SHOW,1999,2,116771
thriller,SHOW,1998,1,112887
western,SHOW,1998,1,112887
drama,SHOW,1999,1,112586
fantasy,SHOW,1999,1,112586
history,MOVIE,2015,5,112553
action,MOVIE,1967,1,111189
crime,MOVIE,1967,1,111189
drama,MOVIE,1967,1,111189
sport,MOVIE,2001,1,111053
scifi,SHOW,2008,5,108319
comedy,SHOW,2002,5,107704
history,SHOW,2014,3,107071
sport,MOVIE,2010,1,103673
animation,MOVIE,2015,7,103323
western,MOVIE,2019,2,103091
fantasy,MOVIE,1989,1,102212
horror,MOVIE,1989,1,102212
thriller,MOVIE,1989,1,102212
war,MOVIE,2015,4,101846
romance,MOVIE,2022,27,101682
action,MOVIE,1990,2,101549
scifi,SHOW,2022,16,101495
family,SHOW,2011,7,101415
european,SHOW,2008,3,101291
crime,SHOW,2022,24,99574
history,MOVIE,2016,8,99348
comedy,MOVIE,1990,3,98273
family,MOVIE,1994,3,96967
family,MOVIE,2008,2,95628
music,MOVIE,2021,23,95230
drama,MOVIE,1964,1,94121
family,MOVIE,1964,1,94121
music,MOVIE,1964,1,94121
romance,MOVIE,1964,1,94121
action,SHOW,2002,1,93980
animation,SHOW,2002,1,93980
fantasy,SHOW,2002,1,93980
scifi,SHOW,2002,1,93980
thriller,SHOW,2002,1,93980
action,SHOW,2022,17,93953
family,MOVIE,1990,1,92647
scifi,MOVIE,1990,1,92647
action,SHOW,2008,8,91689
animation,SHOW,2016,27,90770
action,SHOW,1997,2,90368
scifi,SHOW,1997,2,90368
drama,SHOW,1997,1,90196
european,MOVIE,2004,1,89085
fantasy,SHOW,2008,4,88635
documentation,SHOW,2011,2,87885
horror,SHOW,2022,4,87485
action,SHOW,1993,3,86902
scifi,SHOW,1993,3,86902
horror,MOVIE,2001,2,86492
documentation,MOVIE,2014,22,84917
comedy,SHOW,2022,31,82752
war,MOVIE,2010,1,82623
comedy,SHOW,2001,4,82443
documentation,MOVIE,2022,19,82111
family,MOVIE,2003,2,82054
drama,MOVIE,1991,6,81018
european,MOVIE,1983,1,80945
horror,MOVIE,1983,1,80945
thriller,MOVIE,1983,1,80945
reality,SHOW,2020,43,80908
european,MOVIE,1991,2,80165
romance,MOVIE,1991,1,79800
animation,MOVIE,2020,47,79798
family,SHOW,2021,31,79566
romance,SHOW,2022,16,79522
western,SHOW,2012,2,78089
fantasy,SHOW,1995,2,78088
scifi,SHOW,1995,2,78088
thriller,SHOW,1995,2,78088
animation,MOVIE,2018,23,74807
history,SHOW,2021,17,73894
horror,MOVIE,2022,5,73335
comedy,SHOW,1969,1,72895
european,SHOW,1969,1,72895
comedy,SHOW,2010,10,72795
documentation,SHOW,2014,4,72020
scifi,MOVIE,1995,1,71062
history,MOVIE,2014,2,70757
reality,SHOW,2019,37,70326
animation,MOVIE,2007,3,69689
drama,MOVIE,1980,2,69078
romance,MOVIE,1980,2,69078
horror,SHOW,2014,3,68260
family,SHOW,2019,33,67453
comedy,SHOW,2007,7,66966
drama,SHOW,2004,2,66502
family,SHOW,2016,23,65647
family,SHOW,2007,5,65292
drama,MOVIE,1992,2,65285
reality,SHOW,2018,31,64816
action,SHOW,1995,1,64727
animation,SHOW,1995,1,64727
drama,SHOW,1995,1,64727
crime,MOVIE,1999,2,64669
european,MOVIE,1997,1,64625
romance,MOVIE,2002,3,64241
sport,MOVIE,2000,1,64087
scifi,MOVIE,2007,2,64062
western,MOVIE,2014,1,63007
action,SHOW,2006,1,62367
war,SHOW,2006,1,62367
music,SHOW,2003,1,62140
music,MOVIE,2017,11,61398
drama,SHOW,1993,1,61145
comedy,MOVIE,1982,3,60206
western,SHOW,2016,2,60146
music,MOVIE,2015,8,59215
action,MOVIE,1991,4,58941
thriller,MOVIE,1999,1,58726
scifi,MOVIE,1991,2,58677
war,SHOW,2014,2,58078
war,SHOW,2020,5,57767
reality,SHOW,2017,11,57754
history,SHOW,2017,8,57612
animation,MOVIE,2002,2,55873
animation,MOVIE,2012,10,55528
fantasy,SHOW,2022,17,55459
war,MOVIE,2013,3,54047
animation,MOVIE,2017,20,53873
family,MOVIE,2002,1,53746
family,SHOW,2010,7,53611
sport,SHOW,2019,12,52134
animation,MOVIE,1997,1,51938
thriller,SHOW,2004,2,51671
animation,SHOW,2020,33,50985
history,SHOW,2011,2,50698
romance,SHOW,2012,3,50585
action,MOVIE,1961,1,50150
drama,MOVIE,1961,1,50150
war,MOVIE,1961,1,50150
drama,MOVIE,1982,6,48941
thriller,SHOW,2012,2,48650
sport,SHOW,2017,3,46135
european,SHOW,2012,6,45679
music,SHOW,2010,3,45262
family,SHOW,2020,23,45232
animation,SHOW,2010,10,45155
reality,MOVIE,2021,3,45071
scifi,SHOW,2004,1,44971
family,MOVIE,1982,1,44866
history,MOVIE,2022,2,44838
drama,SHOW,2007,5,44200
horror,MOVIE,2005,2,43754
romance,MOVIE,1954,2,43592
comedy,MOVIE,1954,1,42373
music,MOVIE,1954,1,42373
sport,MOVIE,2020,11,42309
sport,SHOW,2021,8,42090
sport,MOVIE,2019,17,42055
crime,SHOW,2001,1,41791
sport,MOVIE,2012,2,41299
history,SHOW,2022,5,40228
action,MOVIE,1994,3,39488
sport,MOVIE,1994,2,39346
romance,SHOW,2007,2,38328
animation,MOVIE,2001,2,38281
comedy,MOVIE,1997,3,38164
animation,SHOW,2001,1,38046
family,SHOW,2001,1,38046
fantasy,SHOW,2001,1,38046
scifi,SHOW,2001,1,38046
comedy,SHOW,2008,7,37940
family,SHOW,1989,2,37720
family,SHOW,2015,21,37601
family,MOVIE,2001,1,35711
family,MOVIE,2012,4,35611
fantasy,SHOW,2010,4,35530
documentation,SHOW,2016,15,35273
romance,SHOW,1989,1,34854
action,SHOW,1982,1,33760
crime,SHOW,1982,1,33760
drama,SHOW,1982,1,33760
scifi,SHOW,1982,1,33760
romance,SHOW,2015,6,33327
scifi,MOVIE,1993,1,33128
family,SHOW,2013,13,31853
war,SHOW,2022,1,31330
history,MOVIE,2013,3,31080
documentation,SHOW,2022,19,30923
action,MOVIE,1979,2,30832
family,MOVIE,1979,2,30832
fantasy,MOVIE,1979,2,30832
war,SHOW,2019,8,30564
history,SHOW,2012,2,30485
animation,MOVIE,1979,1,30277
history,SHOW,2018,11,29736
crime,MOVIE,2000,2,29600
music,MOVIE,2014,3,29538
animation,SHOW,2007,6,29273
sport,MOVIE,2018,14,28860
music,SHOW,2016,3,28286
action,SHOW,2007,3,28267
drama,MOVIE,1996,5,28234
family,MOVIE,2022,8,28087
european,SHOW,2014,5,27693
horror,SHOW,2008,3,26712
reality,SHOW,2021,44,26581
music,MOVIE,2008,3,26457
family,SHOW,1998,2,25824
fantasy,SHOW,1998,2,25824
family,SHOW,1993,2,25757
fantasy,SHOW,1993,2,25757
war,SHOW,2021,7,25709
music,MOVIE,2012,3,25528
european,MOVIE,2000,1,25432
comedy,SHOW,1994,3,25349
romance,MOVIE,1996,3,24988
reality,SHOW,2000,1,24368
sport,SHOW,2010,1,24224
documentation,MOVIE,2007,4,24199
reality,MOVIE,2020,1,23979
animation,SHOW,2008,7,23692
war,MOVIE,2004,1,23076
family,SHOW,1994,2,22243
music,SHOW,2020,12,21837
crime,SHOW,2004,1,21531
documentation,SHOW,2004,1,21531
music,SHOW,2018,14,21449
animation,MOVIE,2022,7,21057
history,MOVIE,2004,1,20611
comedy,MOVIE,1987,3,20365
reality,SHOW,2003,2,20355
documentation,MOVIE,1987,2,20297
music,MOVIE,2022,4,20175
romance,SHOW,2013,6,20144
family,SHOW,2009,5,19964
romance,SHOW,2008,3,19940
sport,MOVIE,2022,3,19537
romance,MOVIE,1999,4,19084
war,MOVIE,2022,2,19073
scifi,SHOW,2007,3,18607
music,MOVIE,1994,1,18224
horror,SHOW,2011,3,17690
music,SHOW,2019,8,17111
history,MOVIE,2002,1,16225
action,MOVIE,1966,1,16168
european,MOVIE,1966,1,16168
western,MOVIE,1966,1,16168
action,SHOW,2000,1,15823
animation,SHOW,2000,1,15823
fantasy,SHOW,2000,1,15823
romance,SHOW,2000,1,15823
scifi,SHOW,2000,1,15823
family,SHOW,2006,2,15694
drama,SHOW,1994,2,15641
fantasy,MOVIE,2022,3,15439
documentation,MOVIE,1982,1,15186
sport,MOVIE,2014,2,14609
war,MOVIE,2021,2,14435
comedy,MOVIE,1986,1,14277
romance,MOVIE,1986,1,14277
romance,SHOW,2006,2,14180
war,SHOW,2017,5,13589
family,SHOW,2014,9,13527
family,SHOW,1995,1,13361
horror,SHOW,1995,1,13361
music,SHOW,1995,1,13361
sport,MOVIE,2015,3,13192
fantasy,MOVIE,1999,2,12684
scifi,SHOW,2003,3,12198
animation,SHOW,2022,11,12025
war,MOVIE,2002,2,11974
romance,MOVIE,2000,2,11724
documentation,MOVIE,2008,6,11555
history,MOVIE,1993,1,11506
western,MOVIE,1993,1,11506
crime,MOVIE,1980,2,11354
western,MOVIE,1980,1,11329
documentation,MOVIE,1998,4,11238
reality,SHOW,2022,15,11229
music,SHOW,2022,6,10605
reality,SHOW,2007,1,10523
reality,SHOW,2016,8,10363
comedy,MOVIE,1999,3,10173
history,MOVIE,2007,1,10139
family,SHOW,1992,1,9955
reality,SHOW,2015,4,9796
animation,SHOW,1994,1,9708
fantasy,SHOW,1994,1,9708
scifi,SHOW,1994,1,9708
animation,SHOW,2003,3,9699
family,SHOW,2003,3,9699
fantasy,SHOW,2003,2,9686
drama,MOVIE,1981,3,9616
reality,SHOW,2010,1,9564
family,SHOW,2022,14,9530
western,SHOW,2017,3,9131
crime,MOVIE,1990,2,9102
animation,MOVIE,2004,4,8585
western,MOVIE,2020,2,8577
comedy,SHOW,2005,4,8489
family,MOVIE,1999,1,8454
romance,MOVIE,1981,1,8374
animation,MOVIE,2008,4,8123
sport,SHOW,2012,1,8052
animation,SHOW,2009,5,7937
documentation,MOVIE,2009,3,7761
horror,MOVIE,2008,1,7585
european,SHOW,2002,1,7539
animation,SHOW,2004,2,6820
european,SHOW,2004,2,6820
family,SHOW,2004,2,6820
sport,SHOW,2016,1,6789
action,SHOW,2004,1,6700
comedy,SHOW,2004,1,6700
fantasy,SHOW,2004,1,6700
thriller,MOVIE,1994,1,6465
music,SHOW,2021,7,6434
comedy,MOVIE,1985,2,6285
crime,MOVIE,1992,1,6199
fantasy,MOVIE,1992,1,6199
comedy,MOVIE,1992,2,6199
war,MOVIE,2007,2,6071
action,SHOW,2009,4,5651
reality,SHOW,2014,4,5573
Missing Genre,SHOW,2018,5,5434
reality,MOVIE,2018,2,5423
european,SHOW,2009,4,5407
romance,MOVIE,1990,1,5273
documentation,MOVIE,1979,2,5184
romance,SHOW,2003,2,5148
action,SHOW,1984,1,4948
animation,SHOW,1984,1,4948
comedy,SHOW,1984,1,4948
drama,SHOW,1984,1,4948
family,SHOW,1984,1,4948
fantasy,SHOW,1984,1,4948
music,SHOW,1984,1,4948
romance,SHOW,1998,1,4936
comedy,MOVIE,1995,2,4734
war,MOVIE,2005,3,4591
comedy,MOVIE,1958,1,4385
crime,MOVIE,1958,1,4385
drama,MOVIE,1958,1,4385
action,MOVIE,1999,1,4230
european,SHOW,1999,1,4185
family,SHOW,1999,1,4185
reality,SHOW,2012,3,4169
romance,MOVIE,1993,3,4061
romance,MOVIE,1997,2,4037
sport,SHOW,2022,4,3958
animation,SHOW,1993,1,3808
comedy,SHOW,1993,1,3808
western,SHOW,1993,1,3808
comedy,SHOW,1996,1,3713
drama,SHOW,1996,1,3713
family,SHOW,1996,1,3713
drama,MOVIE,1988,5,3568
animation,SHOW,1981,1,3514
comedy,SHOW,1981,1,3514
european,SHOW,1981,1,3514
family,SHOW,1981,1,3514
scifi,SHOW,1981,1,3514
reality,SHOW,1998,1,3274
documentation,MOVIE,1993,2,3251
drama,MOVIE,1979,3,3187
family,SHOW,1983,1,3126
romance,SHOW,1994,1,3106
sport,MOVIE,2007,2,3096
reality,SHOW,2005,1,3046
european,MOVIE,2021,2,2678
horror,SHOW,2003,1,2512
music,SHOW,2015,2,2497
action,MOVIE,1963,1,2470
drama,MOVIE,1963,1,2470
history,MOVIE,1963,1,2470
romance,MOVIE,1963,1,2470
war,MOVIE,1963,1,2470
documentation,MOVIE,1977,1,2416
european,MOVIE,1977,1,2416
history,MOVIE,1977,1,2416
documentation,SHOW,2009,2,2343
crime,SHOW,2000,1,2326
animation,MOVIE,2003,1,2206
comedy,SHOW,1972,1,2144
war,MOVIE,1988,2,2143
sport,SHOW,2015,1,2114
reality,SHOW,2009,1,1951
animation,SHOW,1987,1,1759
comedy,SHOW,1987,1,1759
crime,SHOW,1987,1,1759
european,SHOW,1987,1,1759
family,SHOW,1987,1,1759
european,SHOW,2019,1,1741
action,MOVIE,1988,2,1741
documentation,SHOW,2012,2,1726
western,SHOW,2015,1,1696
animation,MOVIE,1988,1,1649
scifi,MOVIE,1988,1,1649
music,MOVIE,1993,1,1564
family,SHOW,2008,2,1524
war,SHOW,2010,2,1519
romance,MOVIE,1982,1,1449
sport,SHOW,2013,2,1401
war,MOVIE,1982,2,1359
reality,SHOW,2013,2,1345
reality,MOVIE,2019,1,1268
action,MOVIE,1981,1,1242
animation,MOVIE,1981,1,1242
scifi,MOVIE,1981,1,1242
war,MOVIE,1981,1,1242
crime,MOVIE,1954,1,1219
drama,MOVIE,1954,1,1219
action,MOVIE,1982,1,1210
animation,MOVIE,1982,1,1210
scifi,MOVIE,1982,1,1210
documentation,MOVIE,2001,2,1137
music,SHOW,2013,1,1130
documentation,MOVIE,1968,1,1117
fantasy,MOVIE,1982,1,1113
reality,SHOW,2001,1,1104
european,MOVIE,2012,1,1003
documentation,MOVIE,2010,2,986
european,MOVIE,2022,1,938
music,SHOW,2006,1,912
documentation,MOVIE,2005,2,778
western,SHOW,2007,1,720
crime,MOVIE,1991,2,706
european,MOVIE,1993,1,678
history,SHOW,2009,1,603
war,SHOW,2009,2,603
action,MOVIE,1956,1,590
drama,MOVIE,1956,1,590
romance,MOVIE,1956,1,590
thriller,MOVIE,1956,1,590
documentation,MOVIE,1994,1,589
romance,MOVIE,1979,1,555
action,MOVIE,1984,2,538
crime,MOVIE,1988,2,472
thriller,MOVIE,1988,2,472
documentation,MOVIE,1991,2,467
comedy,MOVIE,1972,1,411
documentation,MOVIE,1972,1,411
music,MOVIE,1972,1,411
documentation,MOVIE,2004,1,373
war,MOVIE,1991,1,365
documentation,MOVIE,1990,1,353
drama,SHOW,2001,2,345
music,MOVIE,2007,1,344
thriller,MOVIE,1991,1,341
crime,SHOW,2009,1,302
sport,SHOW,2009,1,302
Missing Genre,SHOW,2011,1,300
music,SHOW,2014,1,300
romance,MOVIE,1984,1,297
comedy,MOVIE,1962,1,285
drama,MOVIE,1962,1,285
romance,MOVIE,1962,1,285
music,MOVIE,1991,1,272
sport,MOVIE,1991,1,248
music,SHOW,2017,4,242
comedy,MOVIE,1974,1,236
drama,MOVIE,1974,1,236
romance,MOVIE,1974,1,236
crime,MOVIE,1953,1,231
drama,MOVIE,1953,1,231
history,MOVIE,1953,1,231
thriller,MOVIE,1953,1,231
crime,SHOW,2010,1,228
fantasy,MOVIE,1966,1,225
drama,SHOW,2002,3,217
crime,MOVIE,1986,1,209
documentation,SHOW,2002,1,206
romance,SHOW,2002,1,190
action,MOVIE,1989,1,188
crime,MOVIE,1989,1,188
animation,SHOW,1997,1,172
comedy,SHOW,1997,1,172
family,SHOW,1997,1,172
fantasy,SHOW,1997,1,172
romance,MOVIE,1969,1,168
documentation,MOVIE,2000,1,161
european,SHOW,2005,2,153
european,MOVIE,1982,1,149
crime,MOVIE,1994,1,142
drama,MOVIE,1971,1,137
family,MOVIE,1998,1,129
music,MOVIE,1998,1,129
war,MOVIE,2011,1,129
thriller,MOVIE,1986,1,122
documentation,MOVIE,1996,1,115
drama,MOVIE,1975,1,106
music,SHOW,2011,1,94
crime,MOVIE,1960,1,82
drama,MOVIE,1960,1,82
thriller,MOVIE,1960,1,82
crime,MOVIE,1959,1,78
drama,MOVIE,1959,1,78
romance,MOVIE,1959,1,78
documentation,MOVIE,1980,1,75
documentation,MOVIE,1999,1,74
history,MOVIE,1999,1,74
family,MOVIE,1983,1,70
romance,MOVIE,1983,1,70
reality,SHOW,2011,2,70
action,MOVIE,1987,1,68
family,MOVIE,1987,1,68
scifi,MOVIE,2006,1,61
documentation,SHOW,2005,1,60
history,MOVIE,2001,1,54
reality,MOVIE,2015,1,48
crime,MOVIE,1973,1,41
drama,MOVIE,1973,1,41
thriller,MOVIE,1973,1,41
Missing Genre,SHOW,1993,1,39
action,MOVIE,1978,1,35
drama,MOVIE,1978,1,35
romance,MOVIE,1978,1,35
action,MOVIE,1980,1,25
european,SHOW,2007,1,25
comedy,MOVIE,1980,2,25
reality,MOVIE,2013,1,21
romance,MOVIE,1976,1,14
comedy,SHOW,1988,1,6
Missing Genre,MOVIE,1998,1,
Missing Genre,MOVIE,2003,1,
Missing Genre,MOVIE,2004,1,
Missing Genre,MOVIE,2006,1,
Missing Genre,MOVIE,2011,1,
Missing Genre,MOVIE,2015,1,
Missing Genre,MOVIE,2016,1,
Missing Genre,MOVIE,2022,1,
Missing Genre,SHOW,2004,1,
Missing Genre,SHOW,2014,1,
comedy,MOVIE,1973,1,
comedy,MOVIE,1976,1,
documentation,SHOW,1945,1,
documentation,SHOW,2006,1,
drama,SHOW,1991,1,
music,MOVIE,2005,1,
music,MOVIE,2011,1,
reality,SHOW,1991,1,
war,MOVIE,2001,1,
western,MOVIE,2022,1,
western,SHOW,2004,1,
western,SHOW,2019,1,
Missing Genre,MOVIE,2021,11,
Missing Genre,MOVIE,2014,2,
Missing Genre,MOVIE,2017,2,
Missing Genre,SHOW,2017,2,
Missing Genre,SHOW,2022,2,
Missing Genre,MOVIE,2020,3,
Missing Genre,MOVIE,2018,4,
Missing Genre,SHOW,2019,4,
Missing Genre,MOVIE,2019,6,
Missing Genre,SHOW,2021,6,
Missing Genre,SHOW,2020,9,
